Date,Date,Open,High,Low,Close,Volume,Volume (Currency),Weighted Price
2017-07-24,2017-07-24,2761.0,2809.377,2720.001,2755.898,5221.13369129,14414656.9318,2760.82892798
2017-07-25,2017-07-25,2755.898,2774.996,2440.211,2556.002,10789.6621137,27862832.7905,2582.36379386
2017-07-26,2017-07-26,2565.0,2617.013,2414.612,2525.0,9942.9701169,24817822.7801,2496.01703398
2017-07-27,2017-07-27,2526.699,2695.999,2511.166,2675.392,6869.44407154,17751186.2089,2584.07900611
2017-07-28,2017-07-28,2676.988,2851.954,2671.011,2800.0,9163.83609075,25326415.808,2763.73513856
2017-07-29,2017-07-29,2808.971,2808.999,2678.588,2715.999,7068.39098876,19334018.7178,2735.27861554
2017-07-30,2017-07-30,2716.0,2799.0,2653.0,2799.0,4432.01944492,12028854.5837,2714.07983046
2017-07-31,2017-07-31,2798.999,2910.0,2723.0,2876.133,7421.35930945,20858806.1781,2810.64496521
2017-08-01,2017-08-01,2876.133,2970.0,2599.0,2727.027,13128.8340297,36518804.6379,2781.57257188
2017-08-02,2017-08-02,2727.975,2761.514,2650.0,2700.8,6560.85694982,17774609.6213,2709.19024103
2017-08-03,2017-08-03,2700.9,2808.88,2697.7,2797.034,6069.83355832,16686358.8163,2749.06365322
2017-08-04,2017-08-04,2797.034,2888.2,2771.011,2875.968,5969.506676,16959799.4147,2841.0721916
2017-08-05,2017-08-05,2875.967,3350.0,2870.0,3256.31,12846.2877564,40692195.805,3167.62294109
2017-08-06,2017-08-06,3256.31,3299.1,3177.77,3235.032,5412.31929521,17563145.7468,3245.03134217
2017-08-07,2017-08-07,3236.994,3447.887,3191.0,3395.0,6389.08523775,21269097.7176,3328.97385558
2017-08-08,2017-08-08,3395.0,3492.0,3350.0,3430.52,7446.40589118,25533644.339,3428.98906025
2017-08-09,2017-08-09,3430.52,3444.9,3252.0,3371.878,6149.15996821,20626418.2271,3354.34731472
2017-08-10,2017-08-10,3370.0,3470.0,3340.0,3433.989,3997.94405102,13688579.3426,3423.90467897
2017-08-11,2017-08-11,3434.099,3735.199,3425.006,3670.0,5731.53683792,20353460.523,3551.13490475
2017-08-12,2017-08-12,3669.618,3975.0,3637.34,3884.626,8296.37663448,31690179.4778,3819.76143008
2017-08-13,2017-08-13,3889.09,4232.71,3841.468,4084.0,11504.3712118,46475746.0792,4039.8336618
2017-08-14,2017-08-14,4084.0,4423.0,3970.0,4355.662,9768.30274994,41156375.0084,4213.25751893
2017-08-15,2017-08-15,4350.021,4484.29,3821.0,4172.2,12347.2083171,51230382.2963,4149.14699585
2017-08-16,2017-08-16,4170.8,4399.0,3950.0,4388.0,7600.44702534,31826109.3032,4187.39966177
2017-08-17,2017-08-17,4381.01,4479.0,4200.0,4291.0,7641.76969396,33215013.3472,4346.50803118
2017-08-18,2017-08-18,4291.0,4354.996,3980.0,4141.0,9739.86573903,40865531.1004,4195.69757894
2017-08-19,2017-08-19,4130.0,4211.683,4002.636,4179.733,5163.2532409,21279685.6805,4121.37167937
2017-08-20,2017-08-20,4184.937,4198.0,4066.0,4078.244,4318.74607052,17768435.825,4114.2580589
2017-08-21,2017-08-21,4076.001,4116.969,3996.0,4005.704,5070.67114359,20508373.1503,4044.50862017
2017-08-22,2017-08-22,4007.398,4169.994,3620.0,4104.9,10243.5245657,40150470.0735,3919.59523464
2017-08-23,2017-08-23,4104.9,4279.99,4081.4,4151.0,5552.17923783,23200143.287,4178.56526117
2017-08-24,2017-08-24,4150.999,4380.0,4145.0,4334.682,4475.34873171,18952597.6043,4234.88732174
2017-08-25,2017-08-25,4334.999,4465.0,4313.99,4390.989,4496.68320251,19725736.6926,4386.73035307
2017-08-26,2017-08-26,4391.5,4392.1,4271.1,4351.749,2665.7511449,11541704.0291,4329.6254608
2017-08-27,2017-08-27,4360.4,4409.999,4326.0,4338.46,2241.11183796,9754880.46517,4352.69686231
2017-08-28,2017-08-28,4338.458,4399.0,4188.128,4387.828,4706.67506225,20222848.4976,4296.63153503
2017-08-29,2017-08-29,4387.699,4665.446,4346.1,4590.169,5540.05150058,25044673.1685,4520.65710326
2017-08-30,2017-08-30,4590.168,4641.999,4490.0,4579.75,4005.98910457,18331754.7596,4576.08702397
2017-08-31,2017-08-31,4581.12,4760.0,4576.83,4737.27,4116.62201611,19264637.1677,4679.7197052
2017-09-01,2017-09-01,4737.02,4919.95,4702.11,4919.9,4476.53958185,21552804.018,4814.6126319
2017-09-02,2017-09-02,4919.9,4965.0,4528.0,4630.4,7544.28673124,35527677.7663,4709.21626284
2017-09-03,2017-09-03,4630.45,4745.0,4463.846,4645.0,5063.75523135,23353471.0181,4611.88780879
2017-09-04,2017-09-04,4645.0,4660.0,4156.35,4344.11,9061.14572853,39731532.1418,4384.82431826
2017-09-05,2017-09-05,4344.11,4543.2,4140.5,4464.03,6853.20484346,29755278.3081,4341.80489097
2017-09-06,2017-09-06,4457.02,4699.9,4450.0,4641.6,4857.90857028,22415126.6275,4614.15160521
2017-09-07,2017-09-07,4651.1,4730.0,4550.0,4660.0,3747.28220704,17386137.1429,4639.66581173
2017-09-08,2017-09-08,4659.8,4705.1,4139.1,4385.0,8247.46699472,36547942.5705,4431.41422619
2017-09-09,2017-09-09,4385.1,4445.0,4210.1,4342.3,3544.92106629,15381259.8653,4338.95694084
2017-09-10,2017-09-10,4354.7,4386.8,4114.0,4287.1,4165.947233,17678175.6741,4243.49486093
2017-09-11,2017-09-11,4287.3,4397.4,4151.5,4226.2,4285.28478926,18198755.6797,4246.80192207
2017-09-12,2017-09-12,4224.7,4399.0,4115.1,4173.6,5586.0379546,23732180.7867,4248.48183625
2017-09-13,2017-09-13,4176.6,4183.1,3753.1,3882.2,11043.2129811,43307288.6969,3921.62034464
2017-09-14,2017-09-14,3880.7,3947.9,3215.0,3254.2,16615.4942672,58524616.0518,3522.2916099
2017-09-15,2017-09-15,3254.4,3849.0,2995.5,3739.6,21846.7669551,74354277.1384,3403.44533776
2017-09-16,2017-09-16,3739.7,3940.0,3611.0,3716.4,8378.22227064,31595479.1251,3771.14357968
2017-09-17,2017-09-17,3716.4,3821.8,3525.5,3719.0,4515.48314899,16612450.1329,3678.99726003
2017-09-18,2017-09-18,3718.8,4135.0,3710.0,4091.5,7398.92828545,29481593.3437,3984.57617189
2017-09-19,2017-09-19,4093.7,4113.0,3863.0,3911.0,7331.02515285,29086601.8013,3967.6036018
2017-09-20,2017-09-20,3912.3,4059.0,3821.4,3863.1,4828.39586068,19032077.1199,3941.69775409
2017-09-21,2017-09-21,3863.1,3916.9,3578.0,3623.9,7093.67811307,26539200.7603,3741.24683096
2017-09-22,2017-09-22,3623.9,3763.5,3525.1,3606.8,5016.90072309,18183003.019,3624.34977741
2017-09-23,2017-09-23,3599.7,3830.3,3570.1,3789.0,4144.04865655,15520697.6096,3745.29811205
2017-09-24,2017-09-24,3789.5,3792.9,3635.1,3672.7,2723.61174226,10089298.651,3704.38212411
2017-09-25,2017-09-25,3670.0,3976.9,3670.0,3924.0,5156.38634069,19883180.4214,3856.03000002
2017-09-26,2017-09-26,3922.7,3970.0,3850.0,3885.9,4312.7806046,16894277.8736,3917.25882266
2017-09-27,2017-09-27,3886.3,4240.0,3870.1,4213.8,6850.54844888,27912258.9506,4074.45610506
2017-09-28,2017-09-28,4213.9,4285.0,4130.0,4190.0,5769.81687903,24207859.6505,4195.60276489
2017-09-29,2017-09-29,4195.4,4224.8,4025.0,4157.1,4264.41333192,17623293.0741,4132.64186709
2017-09-30,2017-09-30,4162.6,4368.0,4151.2,4344.0,3565.25937074,15295381.6674,4290.11751372
2017-10-01,2017-10-01,4343.9,4391.0,4250.0,4383.7,2721.38577408,11740889.0559,4314.30529539
2017-10-02,2017-10-02,4387.9,4467.5,4365.2,4401.7,3475.87090973,15327623.2326,4409.72165846
2017-10-03,2017-10-03,4401.6,4430.3,4240.0,4309.0,5346.37481338,23052269.4917,4311.75708706
2017-10-04,2017-10-04,4312.9,4352.9,4189.1,4223.6,3742.45870332,15908604.3155,4250.84298229
2017-10-05,2017-10-05,4222.3,4372.0,4154.9,4324.2,3422.40852665,14623846.4348,4272.96926154
2017-10-06,2017-10-06,4319.6,4422.1,4300.1,4363.1,3102.3235294,13568945.6756,4373.80097435
2017-10-07,2017-10-07,4363.1,4440.0,4318.5,4432.0,2320.46385183,10124716.8653,4363.22972981
2017-10-08,2017-10-08,4423.2,4615.1,4407.1,4592.0,4105.51719742,18512590.9873,4509.19825617
2017-10-09,2017-10-09,4594.4,4875.0,4555.0,4772.1,5241.18232486,24631888.1763,4699.68160799
2017-10-10,2017-10-10,4774.9,4919.0,4712.4,4748.5,5679.17992944,27363918.7884,4818.28699361
2017-10-11,2017-10-11,4745.4,4878.0,4710.2,4822.6,3619.2746455,17380641.4342,4802.2444099
2017-10-12,2017-10-12,4824.2,5430.0,4812.2,5429.7,7950.6666096,41036762.623,5161.42414693
2017-10-13,2017-10-13,5429.8,5854.4,5380.1,5640.0,9222.14433934,51787058.0974,5615.51155477
2017-10-14,2017-10-14,5626.7,5800.0,5556.1,5800.0,3019.94647571,17192045.3234,5692.83113515
2017-10-15,2017-10-15,5800.0,5840.4,5462.1,5680.0,4536.38621516,25452654.4224,5610.77765763
2017-10-16,2017-10-16,5673.2,5776.6,5550.0,5738.8,3134.62065681,17786378.7358,5674.17262985
2017-10-17,2017-10-17,5738.7,5759.9,5535.1,5606.5,3462.55347926,19476585.3259,5624.91971389
2017-10-18,2017-10-18,5606.5,5630.0,5132.3,5579.4,6192.78961184,33406704.9125,5394.45177479
2017-10-19,2017-10-19,5590.0,5731.3,5534.0,5695.3,3450.45895147,19482980.3454,5646.48953065
2017-10-20,2017-10-20,5703.1,6050.0,5620.0,5999.0,4449.03328167,26171861.0248,5882.59501961
2017-10-21,2017-10-21,5990.2,6180.0,5920.9,6043.0,4431.12456991,26905771.7721,6071.99625007
2017-10-22,2017-10-22,6039.8,6090.8,5750.1,5997.6,3153.67405449,18635503.2321,5909.1405485
2017-10-23,2017-10-23,5987.5,6054.0,5700.1,5902.8,4732.96457613,27720669.5758,5856.93578092
2017-10-24,2017-10-24,5902.6,5910.0,5511.0,5545.5,5791.6319269,32846271.4497,5671.33268554
2017-10-25,2017-10-25,5545.5,5777.7,5400.0,5762.8,4900.59050168,27295409.877,5569.82058951
2017-10-26,2017-10-26,5761.0,5994.9,5707.6,5890.6,3863.26207309,22652822.5242,5863.65151928
2017-10-27,2017-10-27,5891.2,5994.0,5710.0,5793.8,3109.0864276,18110154.4226,5824.91186537
2017-10-28,2017-10-28,5794.0,5887.6,5687.0,5750.0,2051.06476132,11797461.8101,5751.87192163
2017-10-29,2017-10-29,5750.0,6209.9,5684.7,6130.0,4183.97770779,25030656.9168,5982.50245698
2017-10-30,2017-10-30,6135.8,6232.4,6032.8,6124.5,2817.13661322,17233227.5555,6117.285003
2017-10-31,2017-10-31,6124.5,6444.6,6080.0,6430.5,3950.14618649,24883341.3651,6299.34695841
2017-11-01,2017-11-01,6442.3,6749.0,6362.0,6741.9,5055.97894408,33096681.8414,6546.0481951
2017-11-02,2017-11-02,6741.8,7289.0,6710.8,7007.3,7346.37422648,51181775.1559,6966.94363478
2017-11-03,2017-11-03,7020.3,7449.0,6894.1,7160.0,4840.04253561,35071049.3488,7246.02089563
2017-11-04,2017-11-04,7160.0,7480.0,6934.1,7369.9,2705.03503914,19589501.549,7241.86609991
2017-11-05,2017-11-05,7366.5,7575.0,7297.0,7380.0,2604.5885088,19406521.0445,7450.89712978
2017-11-06,2017-11-06,7374.7,7449.0,6920.0,6969.0,4961.19201324,35789508.157,7213.89296392
2017-11-07,2017-11-07,6970.3,7273.1,6942.0,7128.1,2974.53772295,21166208.3915,7115.79760048
2017-11-08,2017-11-08,7128.1,7788.0,7097.0,7463.5,6190.61258129,45889566.8511,7412.76670903
2017-11-09,2017-11-09,7460.0,7470.0,7104.0,7152.4,5067.23527091,36796397.7429,7261.63198977
2017-11-10,2017-11-10,7155.0,7400.0,6415.0,6583.0,8899.13936163,60722778.2747,6823.44390925
2017-11-11,2017-11-11,6567.1,6800.0,6200.0,6330.0,6931.899168,44788043.9663,6461.15052756
2017-11-12,2017-11-12,6330.0,6500.0,5464.0,5880.0,14495.1237039,86294051.5049,5953.31597494
2017-11-13,2017-11-13,5840.0,6870.0,5800.0,6528.0,7537.03256051,48224130.3533,6398.29136548
2017-11-14,2017-11-14,6534.0,6779.2,6528.0,6660.6,4351.5815983,28941854.5212,6650.88172366
2017-11-15,2017-11-15,6660.6,7300.0,6660.6,7260.0,7650.85838326,54177459.4561,7081.22628105
2017-11-16,2017-11-16,7260.0,7790.0,7085.2,7750.7,8575.16387302,63750572.5034,7434.32702248
2017-11-17,2017-11-17,7755.7,7950.0,7520.2,7695.7,5630.44791972,43886718.2274,7794.53408559
2017-11-18,2017-11-18,7691.9,7849.9,7426.9,7786.0,2972.03915888,22764822.611,7659.66442366
2017-11-19,2017-11-19,7790.5,8000.0,7670.0,8000.0,2708.77432199,21259151.7811,7848.2550608
2017-11-20,2017-11-20,8000.0,8274.4,7909.6,8234.1,2650.70849042,21514255.2765,8116.41693314
2017-11-21,2017-11-21,8220.8,8350.0,7785.4,8113.1,4807.60619696,39023343.116,8117.00075198
2017-11-22,2017-11-22,8100.8,8300.0,8025.4,8250.6,2821.81601548,23147966.1927,8203.21596651
2017-11-23,2017-11-23,8251.5,8290.0,8030.0,8030.0,3096.81717503,25260419.3475,8156.89720117
2017-11-24,2017-11-24,8028.7,8277.7,7850.0,8173.1,4049.82022353,32638093.8489,8059.14634414
2017-11-25,2017-11-25,8174.1,8697.1,8100.0,8690.0,2680.85325729,22646622.9324,8447.54291225
2017-11-26,2017-11-26,8691.8,9388.0,8691.8,9174.3,3192.03207954,28801840.7333,9023.0423804
2017-11-27,2017-11-27,9174.3,9654.7,9155.6,9580.0,3131.80533832,29734005.0511,9494.20600548
2017-11-28,2017-11-28,9597.7,9885.2,9411.0,9800.0,2475.90411229,24083673.8277,9727.22396967
2017-11-29,2017-11-29,9820.0,11379.8,9000.2,9795.8,9958.75872977,102328971.341,10275.2736679
2017-11-30,2017-11-30,9773.1,10680.1,9220.8,10088.5,6997.11120759,69230759.0578,9894.19161763
2017-12-01,2017-12-01,10087.8,10961.2,9450.0,10896.1,4676.81408673,48154259.5423,10296.3809656
2017-12-02,2017-12-02,10887.1,11198.6,10673.0,10901.0,2623.40366774,28665269.0552,10926.7473426
2017-12-03,2017-12-03,10901.0,11777.0,10701.6,11235.1,4153.48733109,46829337.5521,11274.7033563
2017-12-04,2017-12-04,11242.0,11663.9,11006.3,11638.0,3476.47232317,39588226.5158,11387.4706414
2017-12-05,2017-12-05,11638.0,11850.0,11502.2,11736.2,3195.85665527,37365657.1069,11691.9064706
2017-12-06,2017-12-06,11723.4,13850.0,11723.4,13737.7,5197.7545049,66004059.016321,12698.571845611
2017-12-07,2017-12-07,13733.4,15958.0,13699.0,15899.0,7755.7522399,115523211.90071,14895.165333724
2017-12-08,2017-12-08,15899.0,16986.0,14201.6,15921.9,4718.38587644,73053187.800897,15482.664986276
2017-12-09,2017-12-09,15921.9,16100.0,13200.0,14682.9,3770.61362482,55390110.634468,14689.946026255
2017-12-10,2017-12-10,14682.9,15700.0,13000.0,14850.3,4467.85379163,64692624.567514,14479.575112486
2017-12-11,2017-12-11,14850.0,17423.0,14850.0,16578.0,4505.52736884,74307059.09086,16492.422086871
2017-12-12,2017-12-12,16568.1,17390.1,16300.0,16889.3,3333.16711892,56071409.74672,16822.261754727
2017-12-13,2017-12-13,16894.3,17199.9,15717.0,16150.1,3288.35052657,54417834.022072,16548.671919971
2017-12-14,2017-12-14,16135.3,16698.5,15825.7,16376.1,2915.69181985,47483492.41527,16285.497696294
2017-12-15,2017-12-15,16376.6,17950.0,16323.3,17500.0,3611.7813784,62658454.906154,17348.352057209
2017-12-16,2017-12-16,17500.0,19500.0,17343.0,19356.9,2758.74152106,50777234.899466,18405.941445343
2017-12-17,2017-12-17,19356.9,19660.0,18567.1,18920.6,3274.96908744,62668069.973058,19135.469160121
2017-12-18,2017-12-18,18920.8,19289.0,18298.5,18833.1,3388.9076985,63317251.15094,18683.675326704
2017-12-19,2017-12-19,18832.8,18946.8,16723.5,17600.5,4451.90521413,80548883.039631,18093.126238172
2017-12-20,2017-12-20,17593.5,17724.5,15501.2,16220.7,6042.25468999,99791126.962634,16515.544624088
2017-12-21,2017-12-21,16217.7,16950.0,14315.0,15180.0,4131.37583307,64895606.297597,15707.98903797
2017-12-22,2017-12-22,15184.3,15442.3,11205.0,13874.1,11076.10780529,147410514.52761,13308.873217829
2017-12-23,2017-12-23,13899.8,15600.0,13499.9,14560.9,3831.47848784,56472260.066801,14739.025743203
2017-12-24,2017-12-24,14569.4,14841.8,12500.0,13760.0,3621.10168348,48903274.553619,13505.081830958
2017-12-25,2017-12-25,13760.0,14512.0,13030.0,13865.0,2454.50188473,34059670.817416,13876.408500359
2017-12-26,2017-12-26,13870.0,16249.0,13763.0,15814.5,3622.53308714,55898541.4778,15430.788382925
2017-12-27,2017-12-27,15813.3,16555.2,14624.0,15445.9,3771.65844893,58956227.301679,15631.38022702
2017-12-28,2017-12-28,15444.3,15550.0,13732.5,14548.8,5020.62568393,72251227.308032,14390.881108562
2017-12-29,2017-12-29,14566.1,15198.5,14250.0,14400.8,3219.8920918,47183299.552711,14653.689691301
2017-12-30,2017-12-30,14400.8,14438.8,12132.4,12600.0,4404.2834104,58197495.731039,13213.839870889
2017-12-31,2017-12-31,12600.0,14299.0,12500.0,13990.0,2210.38420793,29672163.936218,13423.984766886
2018-01-01,2018-01-01,13971.1,14442.9,13050.0,13506.1,2226.37250671,30453735.422821,13678.634339508
2018-01-02,2018-01-02,13506.1,15300.0,13088.8,14882.0,3228.21366839,45657584.871591,14143.297055787
2018-01-03,2018-01-03,14882.0,15599.7,14701.9,15185.7,2740.65307326,41376944.456504,15097.476167345
2018-01-04,2018-01-04,15186.7,15500.1,14417.1,15266.6,3497.90019972,52267643.715369,14942.577183749
2018-01-05,2018-01-05,15266.6,17000.0,14961.0,16990.0,3728.58977026,59665095.733659,16002.054237653
2018-01-06,2018-01-06,16988.3,17245.0,16167.5,17088.0,2126.63751312,35480124.630044,16683.672892608
2018-01-07,2018-01-07,17083.5,17100.0,15665.0,16128.4,2270.3585095,37293409.038193,16426.220300514
2018-01-08,2018-01-08,16116.9,16130.1,13500.0,15022.6,3925.06457211,59097957.441231,15056.556740788
2018-01-09,2018-01-09,15016.9,15440.7,14230.7,14516.6,2991.73717995,44545152.110013,14889.393496376
2018-01-10,2018-01-10,14508.5,14979.0,13525.0,14937.6,3993.36981293,56610267.684115,14176.064410769
2018-01-11,2018-01-11,14907.0,15055.0,12848.0,13647.9,1991.79183395,27099780.14137,13605.729112579
2018-01-12,2018-01-12,13503.0,13503.0,13503.0,13503.0,0.009,121.527,13503.0
2018-01-13,2018-01-13,14101.0,17200.0,13266.3,14400.0,1182.99248664,17086982.065532,14443.863556618
2018-01-14,2018-01-14,14396.3,14500.0,13209.6,13711.2,2431.9326854,33420533.68043,13742.376127871
2018-01-15,2018-01-15,13711.1,14438.9,13207.0,13608.3,3531.91047996,49054873.577888,13889.047827295
2018-01-16,2018-01-16,13606.9,13633.1,10111.0,11533.2,10021.9238199,118108319.55431,11784.9947452
2018-01-17,2018-01-17,11533.9,11968.9,9225.0,11185.0,11353.58997941,119714197.6887,10544.17130668
2018-01-18,2018-01-18,11191.0,12262.3,10750.0,11286.0,7722.09300421,89641210.142619,11608.408509681
2018-01-19,2018-01-19,11286.1,12040.0,11036.4,11598.1,5520.73432895,63862193.610654,11567.699114911
2018-01-20,2018-01-20,11599.0,13079.6,11539.1,12845.9,4920.58015559,61599184.339732,12518.683243022
2018-01-21,2018-01-21,12845.6,12845.8,11146.0,11556.0,4677.56308317,55421192.095443,11848.304578692
2018-01-22,2018-01-22,11588.6,11968.5,10000.0,10811.3,5133.10693755,56090874.798632,10927.275718398
2018-01-23,2018-01-23,10811.3,11456.0,10001.0,10849.9,5067.02305339,54705475.061837,10796.373824516
2018-01-24,2018-01-24,10850.0,11500.0,10529.0,11419.8,4225.93491648,46672894.442544,11044.39499542
2018-01-25,2018-01-25,11419.8,11760.1,10899.0,11159.3,4650.91325434,52501975.7452,11288.530418452
2018-01-26,2018-01-26,11156.1,11634.2,10320.0,11080.8,7680.88569038,83836003.14752,10914.887491754
2018-01-27,2018-01-27,11080.0,11595.0,10850.0,11386.0,5943.53837824,67035524.158128,11278.723193503
2018-01-28,2018-01-28,11380.2,11932.7,11100.0,11629.9,5972.08431347,69394800.197957,11619.862774114
2018-01-29,2018-01-29,11633.9,11708.3,11015.0,11150.0,4564.69002336,51398551.916589,11260.031163903
2018-01-30,2018-01-30,11149.9,11200.0,9750.3,9979.8,10691.89936727,110770182.46979,10360.196880348
2018-01-31,2018-01-31,9985.0,10331.0,9513.1,10101.6,8868.30880981,88044146.245407,9927.952232337
2018-02-01,2018-02-01,10105.5,10180.9,8525.3,9037.6,14776.41408143,136494514.7997,9237.3233483784
2018-02-02,2018-02-02,9043.0,9155.0,7606.0,8772.6,18572.4774678,157095377.21591,8458.5041219337
2018-02-03,2018-02-03,8770.0,9463.7,8022.9,9167.9,8118.50885987,72257237.881125,8900.3090503842
2018-02-04,2018-02-04,9178.0,9346.0,7751.2,8130.2,8207.38976495,69144867.561308,8424.7086517804
2018-02-05,2018-02-05,8146.8,8349.3,6530.0,6843.7,20676.95141616,151212423.84491,7313.0908324681
2018-02-06,2018-02-06,6843.8,7950.0,5850.0,7677.0,28799.36011009,195189664.96459,6777.5695091296
2018-02-07,2018-02-07,7676.1,8644.1,7125.1,7559.0,15778.71540719,124719072.91244,7904.2602451409
2018-02-08,2018-02-08,7552.4,8638.4,7543.0,8231.0,11216.69802972,91995264.751265,8201.6351432045
2018-02-09,2018-02-09,8239.7,8749.9,7750.0,8680.1,10628.39103972,87981672.6623,8277.9860407373
2018-02-10,2018-02-10,8680.9,9080.0,8139.4,8555.7,10633.65116159,91709980.554953,8624.5052768159
2018-02-11,2018-02-11,8554.0,8555.4,7842.0,8056.1,8492.77130232,69373382.848841,8168.5212493465
2018-02-12,2018-02-12,8063.8,8988.0,8059.9,8906.3,7894.13699232,68301186.846411,8652.141065307
2018-02-13,2018-02-13,8897.6,8933.7,8385.0,8517.7,6411.5345649,55247585.279536,8616.905160582
2018-02-14,2018-02-14,8520.0,9520.6,8519.4,9489.7,7551.99653765,68853815.585675,9117.2996759743
2018-02-15,2018-02-15,9475.7,10247.0,9330.1,10037.0,9682.24238483,95449259.845221,9858.1770680281
2018-02-16,2018-02-16,10044.4,10325.1,9689.0,10188.5,6618.31856667,66420719.76387,10035.890399469
2018-02-17,2018-02-17,10188.5,11131.9,10056.7,11100.0,7380.93784998,78992275.878979,10702.20038219
2018-02-18,2018-02-18,11100.0,11308.8,10205.0,10430.0,9183.53515963,98755735.465444,10753.564259172
2018-02-19,2018-02-19,10430.0,11269.5,10371.0,11165.1,5688.90126809,62236161.13608,10939.926394078
2018-02-20,2018-02-20,11165.1,11790.1,11078.0,11242.3,9323.94347869,107072773.89205,11483.636096333
2018-02-21,2018-02-21,11231.2,11300.0,10236.2,10468.1,14340.49616908,154231454.71151,10754.959444434
2018-02-22,2018-02-22,10477.2,10976.0,9712.0,9840.2,13980.69425784,142818671.95599,10215.420587994
2018-02-23,2018-02-23,9842.0,10438.6,9550.9,10157.7,11254.28134104,112491758.07733,9995.4634746086
2018-02-24,2018-02-24,10147.9,10578.7,9363.0,9688.0,9604.01859406,95059134.2153,9897.8498723538
2018-02-25,2018-02-25,9688.0,9887.1,9310.1,9580.0,7456.22581474,71341421.990131,9568.0339843113
2018-02-26,2018-02-26,9580.0,10471.0,9386.7,10322.1,9117.0625545,91122333.701265,9994.7031356376
2018-02-27,2018-02-27,10326.8,10878.9,10123.7,10551.0,7361.21438057,77949489.753826,10589.21608907
2018-02-28,2018-02-28,10569.0,11081.4,10260.1,10310.0,8552.47780571,90789580.657624,10615.587987496
2018-03-01,2018-03-01,10309.0,11079.3,10130.0,10920.0,7852.27407536,83796751.673591,10671.653952648
2018-03-02,2018-03-02,10920.0,11190.0,10778.8,11031.3,5738.53135619,62992248.396471,10977.067909287
2018-03-03,2018-03-03,11031.3,11528.9,11031.3,11428.0,4944.44780197,56156759.213319,11357.53909485
2018-03-04,2018-03-04,11429.9,11539.0,11062.1,11512.1,4149.25347994,46719106.313427,11259.641412436
2018-03-05,2018-03-05,11503.1,11666.4,11400.8,11433.9,4954.25260616,57107967.834651,11527.060159113
2018-03-06,2018-03-06,11432.9,11438.0,10550.1,10731.5,10018.32245753,109673449.60443,10947.286840622
2018-03-07,2018-03-07,10718.4,10899.0,9388.1,9903.0,14472.60115717,146553555.52185,10126.276122053
2018-03-08,2018-03-08,9903.0,10120.7,9000.0,9279.9,11725.82958676,112306657.36264,9577.7152935475
2018-03-09,2018-03-09,9290.1,9427.9,8400.0,9244.5,19451.81845846,172862324.41608,8886.6922537466
2018-03-10,2018-03-10,9224.5,9515.2,8653.0,8752.0,11013.35144042,100791274.8313,9151.735089592
2018-03-11,2018-03-11,8762.3,9745.0,8434.1,9526.2,13887.8296224,126242443.58512,9090.1492182405
2018-03-12,2018-03-12,9533.7,9899.9,8755.0,9102.8,13106.41419373,122237778.25126,9326.5615174695
2018-03-13,2018-03-13,9109.9,9477.0,8812.5,9141.3,11066.15926846,101149409.20296,9140.4259372308
2018-03-14,2018-03-14,9141.2,9370.9,7900.0,8174.2,16372.07815925,139849590.07499,8541.9571489141
2018-03-15,2018-03-15,8175.9,8425.0,7621.4,8248.6,17259.23084809,139052525.66295,8056.704663542
2018-03-16,2018-03-16,8244.9,8615.0,7859.4,8251.0,11977.77050757,99214341.791834,8283.2061049367
2018-03-17,2018-03-17,8260.0,8340.0,7700.0,7843.4,11663.48026867,93482297.349629,8014.9573880395
2018-03-18,2018-03-18,7839.1,8249.1,7305.0,8183.2,18593.94738484,142241479.55847,7649.880717337
2018-03-19,2018-03-19,8183.2,8780.0,8064.0,8610.2,15090.74484515,126113987.4275,8357.0419301095
2018-03-20,2018-03-20,8600.0,9037.0,8305.2,8912.0,12610.92215199,109314525.25176,8668.2420154745
2018-03-21,2018-03-21,8911.9,9189.8,8750.0,8880.0,10571.30464218,94633137.381419,8951.8882091268
2018-03-22,2018-03-22,8879.0,9116.2,8487.0,8711.5,9985.44564072,87446573.869912,8757.4032262828
2018-03-23,2018-03-23,8710.0,8934.9,8265.0,8916.8,9577.16553937,81623202.37558,8522.6888937068
2018-03-24,2018-03-24,8917.4,9030.0,8480.0,8530.0,6878.03156606,60619577.015128,8813.5066599953
2018-03-25,2018-03-25,8532.7,8678.0,8368.8,8444.4,6076.19576525,51768889.310906,8519.9508559244
2018-03-26,2018-03-26,8453.5,8499.7,7850.0,8137.8,10150.47150298,82588565.160896,8136.4264838978
2018-03-27,2018-03-27,8137.8,8230.0,7708.6,7786.7,10179.27672891,80878989.051262,7945.4553801018
2018-03-28,2018-03-28,7786.7,8114.5,7728.3,7943.3,6642.37138266,52597764.224991,7918.5220450483
2018-03-29,2018-03-29,7935.0,7975.0,6900.0,7080.1,20895.70910605,154035688.88329,7371.6420965435
2018-03-30,2018-03-30,7084.8,7244.0,6550.0,6804.0,20857.68328036,142995106.37664,6855.7521204328
2018-03-31,2018-03-31,6804.0,7199.7,6773.9,6911.1,9318.5783671,65199540.644408,6996.726118074
2018-04-01,2018-04-01,6913.8,7037.0,6449.4,6810.0,13276.07288284,88735221.087665,6683.8455822549
2018-04-02,2018-04-02,6818.8,7134.9,6761.0,7054.7,8333.81724457,58197210.396241,6983.2597342064
2018-04-03,2018-04-03,7054.6,7529.7,7013.1,7414.8,9474.58631587,69574043.316257,7343.2275559853
2018-04-04,2018-04-04,7410.1,7432.7,6699.0,6790.4,11284.45226437,79223069.076798,7020.5506852061
2018-04-05,2018-04-05,6790.4,6935.8,6551.8,6763.5,11046.99114636,74430583.011723,6737.633987898
2018-04-06,2018-04-06,6763.6,6848.0,6505.0,6616.2,7304.35734635,48408853.354902,6627.3939046933
2018-04-07,2018-04-07,6613.9,7077.7,6602.2,6893.1,6684.72091985,46086972.322465,6894.3749297913
2018-04-08,2018-04-08,6885.0,7113.6,6878.6,7014.5,4464.73727071,31222768.276241,6993.1927419495
2018-04-09,2018-04-09,7022.9,7186.1,6608.3,6773.4,9945.51677003,68070544.993336,6844.3446999618
2018-04-10,2018-04-10,6774.2,6888.0,6646.8,6830.0,4965.88934736,33669502.727848,6780.1556524307
2018-04-11,2018-04-11,6829.9,6969.0,6798.0,6941.0,4106.75996618,28283815.993525,6887.1363864575
2018-04-12,2018-04-12,6940.9,8500.0,6759.0,7919.9,15139.23731092,114184129.88927,7542.2643521753
2018-04-13,2018-04-13,7919.9,8240.4,7741.0,7882.5,10669.71015032,85368726.514116,8001.0352025875
2018-04-14,2018-04-14,7882.4,8215.3,7816.2,8004.9,5013.16479984,40223044.69314,8023.4834279584
2018-04-15,2018-04-15,8005.0,8422.0,7996.6,8363.3,4067.77521854,33621727.465962,8265.3848011861
2018-04-16,2018-04-16,8374.0,8429.8,7902.0,8057.1,5906.32683407,47794298.92504,8092.0511627199
2018-04-17,2018-04-17,8057.2,8181.4,7800.3,7893.1,5197.57996383,41689251.438704,8020.8965958812
2018-04-18,2018-04-18,7893.0,8308.0,7865.0,8170.0,5577.11037823,45037842.690234,8075.4798875842
2018-04-19,2018-04-19,8170.6,8308.0,8099.7,8275.7,3584.32537652,29455636.99204,8217.9026449429
2018-04-20,2018-04-20,8267.5,8943.8,8226.0,8875.0,7749.02248547,66048508.256989,8523.4632343414
2018-04-21,2018-04-21,8875.1,9075.0,8629.3,8944.6,5032.70494654,44427417.540159,8827.741346272
2018-04-22,2018-04-22,8939.7,9072.0,8760.5,8811.8,4049.59962766,36112693.134229,8917.5959241916
2018-04-23,2018-04-23,8796.3,9032.1,8784.9,8954.1,4291.092669,38240355.340746,8911.5659554511
2018-04-24,2018-04-24,8959.0,9749.0,8947.0,9661.7,8904.02848288,83167013.914937,9340.3804889938
2018-04-25,2018-04-25,9661.7,9750.0,8767.0,8855.7,14048.63249021,129130997.22613,9191.7129525676
2018-04-26,2018-04-26,8857.0,9300.0,8555.0,9291.4,7802.75314974,69297979.416818,8881.2215492332
2018-04-27,2018-04-27,9281.7,9381.9,8891.8,8917.8,6206.90034304,57062192.372309,9193.3476000295
2018-04-28,2018-04-28,8917.8,9437.2,8865.0,9339.2,4802.20850146,44456858.293067,9257.5860210049
2018-04-29,2018-04-29,9328.1,9538.0,9165.0,9411.2,3800.97343832,35608849.499624,9368.3499970374
2018-04-30,2018-04-30,9407.4,9453.9,9110.7,9243.2,4135.39593872,38360011.56263,9276.0190634862
2018-05-01,2018-05-01,9246.5,9246.5,8830.0,9081.3,5955.92210715,53569802.535749,8994.3759458236
2018-05-02,2018-05-02,9074.3,9262.0,8979.0,9217.1,3876.81990949,35367082.825463,9122.704600977
2018-05-03,2018-05-03,9233.3,9799.9,9170.1,9735.9,5992.50728107,56820424.196614,9481.9115825035
2018-05-04,2018-05-04,9731.1,9779.9,9511.0,9688.9,4244.28722653,40954156.606693,9649.2424807395
2018-05-05,2018-05-05,9687.9,9962.0,9465.0,9795.0,3999.87926742,39193978.691404,9798.7904311634
2018-05-06,2018-05-06,9794.9,9899.0,9364.0,9604.9,3174.13105579,30463743.583408,9597.5065452445
2018-05-07,2018-05-07,9605.0,9626.8,9200.0,9360.6,3988.39384967,37231055.891207,9334.8493891313
2018-05-08,2018-05-08,9359.6,9458.6,9050.0,9172.7,3183.67436477,29393306.735234,9232.5104164218
2018-05-09,2018-05-09,9178.3,9464.1,8960.0,9305.4,4520.08656001,41582007.519877,9199.3830135379
2018-05-10,2018-05-10,9302.0,9395.9,8990.5,9011.0,3113.99145437,28745384.754564,9231.0416312236
2018-05-11,2018-05-11,9009.8,9009.8,8325.0,8407.8,6857.08329131,59397021.720903,8662.1409129122
2018-05-12,2018-05-12,8411.0,8649.9,8223.2,8479.0,5044.43903876,42407793.371807,8406.8402940264
2018-05-13,2018-05-13,8478.8,8749.6,8317.9,8698.2,3361.11079837,28744862.335868,8552.1912427904
2018-05-14,2018-05-14,8698.2,8886.3,8286.3,8660.8,6017.88913473,51751559.085938,8599.6198878563
2018-05-15,2018-05-15,8661.6,8862.0,8421.0,8462.8,3875.26010515,33376339.310889,8612.6707382902
2018-05-16,2018-05-16,8473.1,8494.0,8077.3,8344.9,6332.93376757,52309124.614513,8259.8565742753
2018-05-17,2018-05-17,8345.8,8500.0,7978.8,8064.0,4246.83894109,34951962.512562,8230.1125607535
2018-05-18,2018-05-18,8064.0,8280.0,7932.5,8231.9,4061.44740601,32859567.045574,8090.6050874744
2018-05-19,2018-05-19,8231.9,8394.0,8160.2,8233.8,2247.53984882,18563290.974035,8259.3823570161
2018-05-20,2018-05-20,8229.9,8596.7,8147.9,8518.9,2637.54131634,22225619.034978,8426.6429865142
2018-05-21,2018-05-21,8524.9,8596.5,8292.4,8390.8,2902.60798901,24511760.643715,8444.7368492482
2018-05-22,2018-05-22,8390.8,8408.0,7938.4,7989.1,4213.60304265,34493684.605305,8186.2682023344
2018-05-23,2018-05-23,7989.2,8038.2,7440.6,7500.3,7846.87951672,60584880.426885,7720.8883222678
2018-05-24,2018-05-24,7503.0,7725.0,7255.0,7572.0,6483.49187283,48576634.586584,7492.3568255173
2018-05-25,2018-05-25,7575.7,7650.0,7286.7,7466.0,4734.89128592,35320144.481274,7459.5470832254
2018-05-26,2018-05-26,7466.3,7634.9,7215.0,7330.0,2485.17812158,18549726.083517,7464.1434843004
2018-05-27,2018-05-27,7325.0,7388.0,7212.1,7325.9,2167.32972428,15814511.874542,7296.7724741539
2018-05-28,2018-05-28,7325.9,7447.9,7070.5,7102.6,4174.00825789,30174463.540586,7229.133647148
2018-05-29,2018-05-29,7102.8,7530.3,7051.0,7462.6,4828.09385383,35342652.879993,7320.2083368692
2018-05-30,2018-05-30,7462.8,7568.3,7260.0,7374.9,3760.92107508,27910732.076149,7421.2490820631
2018-05-31,2018-05-31,7372.5,7599.3,7330.2,7485.6,3358.27326708,25198669.909148,7503.4602324241
2018-06-01,2018-06-01,7490.9,7599.1,7350.0,7504.2,3044.97604975,22740413.013924,7468.1746727667
2018-06-02,2018-06-02,7504.0,7693.6,7434.3,7636.1,2475.22107012,18840036.622415,7611.4561441988
2018-06-03,2018-06-03,7630.2,7780.0,7589.4,7716.8,1953.83924849,15044133.59865,7699.7806294845
2018-06-04,2018-06-04,7716.0,7759.1,7442.0,7495.5,3146.34685613,23784637.157318,7559.4453647024
2018-06-05,2018-06-05,7495.4,7677.1,7350.0,7622.0,3451.89189003,25885299.320294,7498.8731237666
2018-06-06,2018-06-06,7622.0,7695.0,7482.6,7659.8,2983.11635821,22636280.250397,7588.1318501367
2018-06-07,2018-06-07,7650.4,7750.0,7630.0,7679.4,1975.44040586,15191584.614985,7690.2267311734
2018-06-08,2018-06-08,7679.7,7700.0,7530.9,7611.9,2073.02191196,15801850.034033,7622.6160190912
2018-06-09,2018-06-09,7611.9,7679.6,7455.1,7495.1,1276.5830428,9687626.8283538,7588.7165218061
2018-06-10,2018-06-10,7496.8,7496.8,6621.7,6767.9,7667.36414831,53571473.351755,6986.9478370298
2018-06-11,2018-06-11,6768.2,6899.7,6629.0,6877.0,3811.61326949,25773405.724754,6761.8102631389
2018-06-12,2018-06-12,6877.0,6885.6,6450.0,6547.2,4724.84788943,31558112.485552,6679.1806263544
2018-06-13,2018-06-13,6543.5,6634.3,6122.1,6294.2,7130.20933465,45340952.733138,6358.9932083479
2018-06-14,2018-06-14,6295.7,6734.8,6264.4,6640.7,7046.89656742,45816670.219851,6501.6805314946
2018-06-15,2018-06-15,6636.3,6678.1,6355.1,6387.6,3927.75658813,25651999.476103,6530.9544775827
2018-06-16,2018-06-16,6388.0,6550.0,6324.2,6481.4,2365.44937691,15261210.382303,6451.7171795232
2018-06-17,2018-06-17,6480.8,6574.6,6425.0,6440.8,1638.06699232,10647197.620892,6499.8548110734
2018-06-18,2018-06-18,6444.5,6800.0,6359.1,6706.6,3636.49387722,23913115.633834,6575.8712763501
2018-06-19,2018-06-19,6710.4,6854.3,6658.6,6740.2,2759.38739867,18571688.519657,6730.3665040323
2018-06-20,2018-06-20,6740.2,6814.0,6515.0,6755.4,3586.91666425,23958050.205505,6679.2882154999
2018-06-21,2018-06-21,6756.7,6787.6,6679.0,6716.1,2105.95290865,14171991.268453,6729.4910585334
2018-06-22,2018-06-22,6716.1,6725.3,5950.0,6055.5,8628.476542,53960042.876441,6253.7161240208
2018-06-23,2018-06-23,6054.0,6292.4,6034.7,6154.1,3564.58549936,21863404.62349,6133.5054601484
2018-06-24,2018-06-24,6154.1,6275.0,5650.0,6150.1,9238.71924383,55344827.827305,5990.5303285698
2018-06-25,2018-06-25,6150.0,6341.4,6066.0,6245.5,4188.43202181,26007456.30585,6209.3538036248
2018-06-26,2018-06-26,6246.0,6278.8,6033.3,6081.3,3434.15813453,21197082.659319,6172.4247483496
2018-06-27,2018-06-27,6072.4,6239.9,6000.0,6134.2,3990.63263912,24352967.756827,6102.5330966564
2018-06-28,2018-06-28,6132.5,6161.1,5820.0,5858.6,3611.89930119,21749648.460181,6021.6652366292
2018-06-29,2018-06-29,5853.4,6309.0,5787.7,6196.9,5131.78051918,30576339.484227,5958.2321126065
2018-06-30,2018-06-30,6198.6,6525.0,6190.5,6387.9,3454.25901766,22022879.91483,6375.5728224888
2018-07-01,2018-07-01,6387.0,6433.3,6254.3,6345.8,1940.38940675,12313634.448168,6345.9604579022
2018-07-02,2018-07-02,6343.6,6678.7,6275.0,6617.7,3636.66673077,23735180.185019,6526.6305499469
2018-07-03,2018-07-03,6618.7,6670.0,6467.6,6495.5,2754.87114693,18103719.393758,6571.5303650164
2018-07-04,2018-07-04,6497.0,6790.0,6399.8,6584.2,3811.89849172,25102159.151698,6585.211858664
2018-07-05,2018-07-05,6587.0,6715.2,6450.0,6526.2,3316.81460343,21820237.876213,6578.6727583895
2018-07-06,2018-07-06,6529.8,6639.2,6450.0,6595.4,2358.11624029,15439779.218091,6547.5055700361
2018-07-07,2018-07-07,6599.9,6838.5,6503.2,6755.1,2229.00030908,14828881.371487,6652.7049417987
2018-07-08,2018-07-08,6754.1,6777.1,6680.5,6704.7,1770.8034624,11927601.090953,6735.7001181752
2018-07-09,2018-07-09,6704.8,6800.0,6610.0,6662.5,2209.58233668,14803291.21996,6699.5879602308
2018-07-10,2018-07-10,6662.5,6684.2,6276.7,6304.6,4426.63621401,28541804.979409,6447.7412643659
2018-07-11,2018-07-11,6304.6,6400.6,6279.0,6377.9,2466.36454935,15658063.040494,6348.6409762986
2018-07-12,2018-07-12,6378.0,6378.0,6073.3,6242.5,4293.13103759,26590907.915409,6193.826296608
2018-07-13,2018-07-13,6248.2,6356.0,6126.1,6214.9,2993.39547119,18670635.71928,6237.2766642349
2018-07-14,2018-07-14,6215.2,6329.5,6187.0,6250.4,1472.07447423,9193849.0096866,6245.50535359
2018-07-15,2018-07-15,6252.8,6386.9,6234.5,6335.4,2272.52623934,14388198.73021,6331.3674804427
2018-07-16,2018-07-16,6345.2,6750.0,6328.0,6727.0,5254.16635675,34479822.899646,6562.3774655231
2018-07-17,2018-07-17,6727.0,7475.0,6667.1,7316.9,7189.73550883,50891633.981971,7078.3735951717
2018-07-18,2018-07-18,7316.2,7599.0,7234.6,7367.4,6059.98005409,44953126.502775,7418.0320894679
2018-07-19,2018-07-19,7379.9,7548.8,7280.8,7472.3,4114.20809718,30511962.327483,7416.2418639923
2018-07-20,2018-07-20,7472.3,7670.5,7238.8,7320.0,5351.30873039,39714447.961748,7421.4458486034
2018-07-21,2018-07-21,7320.0,7447.9,7200.3,7396.7,2408.68298029,17638644.104443,7322.9413122352
2018-07-22,2018-07-22,7397.7,7581.9,7320.0,7401.1,2554.43826634,19037326.264459,7452.646836416
2018-07-23,2018-07-23,7401.1,7844.9,7375.8,7720.0,5418.99881997,41621778.795698,7680.7137588431
2018-07-24,2018-07-24,7719.9,8491.1,7695.0,8401.8,8311.62882834,67562087.877042,8128.6218709234
2018-07-25,2018-07-25,8395.4,8496.6,8062.1,8166.0,5750.80143989,47405888.093157,8243.3533114758
2018-07-26,2018-07-26,8164.7,8315.0,7840.0,7925.0,5606.02425711,45410120.797262,8100.2362306351
2018-07-27,2018-07-27,7925.1,8274.8,7800.5,8177.0,5530.00237933,44301464.854057,8011.1113549691
2018-07-28,2018-07-28,8177.1,8250.0,8072.0,8230.8,1768.0996495,14447444.364248,8171.1708773502
2018-07-29,2018-07-29,8225.3,8290.2,8125.0,8213.5,1714.1729232,14078988.068477,8213.2834312853
2018-07-30,2018-07-30,8213.1,8274.9,7850.1,8170.0,4501.03616911,36330950.901729,8071.6860599929
2018-07-31,2018-07-31,8169.9,8170.0,7634.8,7726.0,5451.51366417,42637052.626199,7821.1401920223
2018-08-01,2018-08-01,7726.0,7757.7,7423.0,7604.1,4418.82055174,33400888.247111,7558.7790579
2018-08-02,2018-08-02,7605.3,7700.0,7455.7,7534.8,3842.08632071,29048626.322458,7560.638647257
2018-08-03,2018-08-03,7534.7,7534.7,7254.6,7415.0,5255.80867526,38865002.395049,7394.6760235002
2018-08-04,2018-08-04,7410.1,7485.9,6927.0,7024.5,4985.60290025,35631663.162115,7146.9115922426
2018-08-05,2018-08-05,7011.8,7088.4,6880.1,7026.9,3309.71773923,23147720.058946,6993.8653029461
2018-08-06,2018-08-06,7026.9,7159.9,6833.0,6935.7,3151.62137107,21976714.221205,6973.1454491768
2018-08-07,2018-08-07,6935.7,7149.0,6659.9,6717.8,6505.46710491,45042489.041633,6923.7901468501
2018-08-08,2018-08-08,6714.9,6715.0,6120.0,6275.9,9467.83178051,60521180.961566,6392.295761544
2018-08-09,2018-08-09,6276.6,6630.5,6179.1,6536.0,5940.66974731,38166157.74242,6424.554699359
2018-08-10,2018-08-10,6533.4,6579.1,6010.0,6141.5,7526.68665808,47485806.292367,6308.9920504915
2018-08-11,2018-08-11,6141.1,6491.1,5969.6,6231.8,7124.73599104,44379546.387846,6228.9390713785
2018-08-12,2018-08-12,6233.2,6478.0,6158.5,6312.2,4542.22788394,28690491.476204,6316.3919136785
2018-08-13,2018-08-13,6310.0,6544.7,6142.5,6250.0,5762.24949546,36561124.420287,6344.9394978633
2018-08-14,2018-08-14,6250.0,6789.8,5890.0,6196.8,10247.14966594,62336293.435885,6083.2812506957
2018-08-15,2018-08-15,6193.1,6649.0,6186.0,6269.5,8069.74747296,51645092.768732,6399.8400125634
2018-08-16,2018-08-16,6269.5,6491.8,6213.0,6316.0,4760.15867825,30214447.450774,6347.3613997007
2018-08-17,2018-08-17,6311.6,6596.7,6289.1,6589.2,3810.80736806,24677416.609898,6475.6399960623
2018-08-18,2018-08-18,6589.7,6615.8,6301.6,6400.0,3128.52170748,20160692.179274,6444.1592753125
2018-08-19,2018-08-19,6400.0,6546.9,6317.2,6475.1,1721.69385641,11060480.991166,6424.1856645923
2018-08-20,2018-08-20,6477.9,6520.0,6224.0,6257.2,3787.10400671,24143279.466507,6375.1297624069
2018-08-21,2018-08-21,6257.1,6500.0,6241.4,6475.5,3181.62205004,20364772.871379,6400.7517395484
2018-08-22,2018-08-22,6474.5,6916.5,6210.0,6359.8,8206.7350897,53984297.559404,6578.0480263288
2018-08-23,2018-08-23,6354.9,6578.2,6329.2,6527.2,3430.61656549,22105424.24712,6443.5718259767
2018-08-24,2018-08-24,6527.6,6748.0,6451.1,6693.3,3112.78621782,20497659.726176,6584.9879470781
2018-08-25,2018-08-25,6693.1,6795.0,6660.6,6732.3,2077.02568274,13965111.710375,6723.6105101756
2018-08-26,2018-08-26,6730.8,6775.0,6560.4,6710.0,2027.09113858,13525540.639113,6672.3890118664
2018-08-27,2018-08-27,6710.0,6949.8,6648.1,6909.0,3181.26180222,21519568.471107,6764.4757989079
2018-08-28,2018-08-28,6906.2,7133.7,6860.0,7076.7,5196.62404793,36430262.468564,7010.3709894264
2018-08-29,2018-08-29,7076.7,7120.0,6886.6,7022.7,2919.72814403,20512159.494899,7025.3662269346
2018-08-30,2018-08-30,7025.4,7060.0,6776.9,6983.1,4730.6290473,32660907.021438,6904.1361507894
2018-08-31,2018-08-31,6983.1,7085.9,6888.0,7015.8,3498.94458595,24444805.57206,6986.336871472
2018-09-01,2018-09-01,7014.8,7254.0,7014.7,7191.3,2912.71802862,20821605.047285,7148.5138083035
2018-09-02,2018-09-02,7191.2,7331.1,7127.5,7294.7,3383.46479112,24539171.621375,7252.6753302646
2018-09-03,2018-09-03,7294.5,7329.9,7183.5,7256.1,2218.42701096,16103408.090518,7258.9307698474
2018-09-04,2018-09-04,7256.0,7405.9,7219.2,7359.3,2791.50635582,20476370.859229,7335.2406368475
2018-09-05,2018-09-05,7358.8,7389.4,6638.8,6686.6,7620.24668597,53295677.553698,6993.9569872224
2018-09-06,2018-09-06,6684.4,6702.3,6250.0,6494.8,9592.98916429,61639336.535715,6425.456703857
2018-09-07,2018-09-07,6494.8,6524.8,6318.8,6397.6,3234.96751056,20813368.900753,6433.8726224641
2018-09-08,2018-09-08,6400.0,6457.7,6073.9,6183.2,3870.77622517,24138543.921857,6236.0990451721
2018-09-09,2018-09-09,6183.2,6459.4,6137.6,6230.9,3636.57036982,22955516.058109,6312.4080448484
2018-09-10,2018-09-10,6232.8,6371.3,6231.0,6304.5,3377.333021,21228501.220065,6285.5812820553
2018-09-11,2018-09-11,6301.2,6410.9,6162.4,6282.3,3534.8259152,22197681.392704,6279.7099277938
2018-09-12,2018-09-12,6281.0,6366.4,6195.0,6319.5,2970.71313212,18651318.569321,6278.3977246605
2018-09-13,2018-09-13,6325.1,6595.9,6325.1,6487.1,5151.30380842,33367773.429083,6477.5394094486
2018-09-14,2018-09-14,6490.5,6599.8,6388.0,6482.9,4004.80392224,26039576.504735,6502.0852482012
2018-09-15,2018-09-15,6482.3,6568.4,6465.2,6520.0,1289.21839839,8401448.5488611,6516.6992337008
2018-09-16,2018-09-16,6520.0,6520.1,6342.8,6497.9,1667.09379708,10775683.050097,6463.7533106845
2018-09-17,2018-09-17,6501.7,6532.1,6202.2,6250.0,5043.65609012,31953933.782114,6335.4703832223
2018-09-18,2018-09-18,6250.0,6384.9,6225.0,6330.5,3231.40008301,20377930.219402,6306.2232146817
2018-09-19,2018-09-19,6330.7,6574.0,6102.6,6392.1,4789.5385138,30388432.918869,6344.7517608036
2018-09-20,2018-09-20,6390.6,6424.0,6382.6,6392.0,481.90228582,3085267.9176234,6402.2686930682
2018-09-21,2018-09-21,0.0,0.0,0.0,0.0,0.0,0.0,0.0
2018-09-22,2018-09-22,6714.9,6744.0,6625.2,6717.0,1482.49166276,9899944.0561729,6677.908756493
2018-09-23,2018-09-23,6705.3,6768.0,6660.1,6700.0,1383.16306327,9274045.1367725,6704.9543058556
2018-09-24,2018-09-24,6700.2,6719.9,6545.0,6579.2,3892.98802754,25794224.303566,6625.8164990725
2018-09-25,2018-09-25,6579.2,6580.0,6318.5,6435.0,5070.27744028,32564589.368204,6422.6444709909
2018-09-26,2018-09-26,6434.9,6540.7,6372.0,6453.5,3269.59907853,21186553.560771,6479.8628369739
2018-09-27,2018-09-27,6452.0,6730.0,6430.9,6683.8,4768.61657017,31304496.110437,6564.6913837153
2018-09-28,2018-09-28,6683.7,6796.2,6529.4,6622.3,4522.27287464,30127410.04585,6662.0062258512
2018-09-29,2018-09-29,6622.2,6622.2,6450.1,6582.7,2152.33993481,14071155.423835,6537.6083007433
2018-09-30,2018-09-30,6582.2,6641.0,6518.0,6604.1,1172.97098727,7726595.6545572,6587.2009950905
2018-10-01,2018-10-01,6603.8,6633.3,6490.2,6572.6,1863.85010232,12236126.564277,6564.9735185498
2018-10-02,2018-10-02,6574.5,6597.0,6436.2,6500.0,3054.40144826,19925935.741333,6523.6793783881
2018-10-03,2018-10-03,6497.7,6521.1,6397.6,6463.9,5143.68266094,33280966.17725,6470.2603895022
2018-10-04,2018-10-04,6463.8,6598.9,6461.0,6547.4,2016.90547481,13213316.344044,6551.2819064011
2018-10-05,2018-10-05,6557.0,6666.6,6494.1,6580.1,2486.38090196,16336743.232061,6570.4909570303
2018-10-06,2018-10-06,6582.7,6599.0,6532.0,6550.0,856.99887958,5620753.4728072,6558.6473993547
2018-10-07,2018-10-07,6549.9,6584.2,6488.3,6570.5,1022.59591558,6684691.4100619,6536.9823096452
2018-10-08,2018-10-08,6567.9,6688.3,6545.0,6610.0,2498.50910751,16509774.06852,6607.850265142
2018-10-09,2018-10-09,6607.4,6618.5,6555.6,6585.1,1360.29865716,8955019.4077745,6583.1274335524
2018-10-10,2018-10-10,6585.6,6589.1,6441.8,6530.5,2485.6867862,16180333.410137,6509.4015464728
2018-10-11,2018-10-11,6530.1,6530.1,6091.2,6150.1,7093.7413978,44101980.798997,6217.0268587285
2018-10-12,2018-10-12,6151.9,6238.5,6110.0,6192.2,1674.4137972,10373265.03925,6195.1621854746
2018-10-13,2018-10-13,6192.2,6219.1,6171.7,6197.9,922.91471118,5721714.9330219,6199.6139661771
2018-10-14,2018-10-14,6197.8,6289.9,6150.0,6181.8,1237.4738153,7705672.9559288,6226.9381870199
2018-10-15,2018-10-15,6181.9,6820.0,6151.0,6438.5,11354.6185329,73235876.90854,6449.8755899495
2018-10-16,2018-10-16,6441.3,6490.0,6391.5,6460.4,3309.32489192,21318048.564759,6441.8119287135
2018-10-17,2018-10-17,6460.3,6469.8,6411.9,6442.5,1684.00200096,10842326.948622,6438.4287800375
2018-10-18,2018-10-18,6442.3,6487.9,6344.6,6395.4,1779.34136236,11413235.103249,6414.3032611298
2018-10-19,2018-10-19,6395.2,6406.8,6352.5,6384.2,1146.64426148,7316683.3241702,6380.9531604217
2018-10-20,2018-10-20,6383.4,6429.7,6360.1,6412.3,778.6663109,4984849.338512,6401.7786165044
2018-10-21,2018-10-21,6412.0,6457.8,6399.2,6410.0,942.92925895,6065596.5719488,6432.7164677265
2018-10-22,2018-10-22,6411.1,6428.7,6367.8,6409.6,1288.67517963,8254189.9447857,6405.1749232538
2018-10-23,2018-10-23,6408.7,6418.0,6356.2,6394.4,2065.78586984,13208322.875127,6393.8489792022
2018-10-24,2018-10-24,6394.9,6466.0,6392.7,6413.9,1503.78700844,9665863.8568473,6427.6814486345
2018-10-25,2018-10-25,6414.0,6419.7,6356.0,6393.0,1482.41215709,9484655.4856624,6398.1231132649
2018-10-26,2018-10-26,6393.1,6450.0,6378.9,6409.3,1463.43499037,9372031.2117722,6404.132246013
2018-10-27,2018-10-27,6409.2,6422.3,6385.0,6410.4,646.43202969,4140635.0342717,6405.3679955453
2018-10-28,2018-10-28,6410.3,6433.6,6388.0,6408.1,773.29146639,4956959.623162,6410.2086194005
2018-10-29,2018-10-29,6408.1,6423.0,6201.0,6266.3,3557.30970795,22433989.425523,6306.4482058974
2018-10-30,2018-10-30,6266.2,6299.4,6242.0,6275.0,4932.95582553,30934345.225369,6270.9552486303
2018-10-31,2018-10-31,6275.1,6377.0,6205.0,6307.5,3034.35554815,19052436.509151,6278.9070716407
2018-11-01,2018-11-01,6307.5,6367.7,6290.6,6339.9,1768.98645705,11170881.932732,6314.8487588543
2018-11-02,2018-11-02,6341.7,6378.3,6318.2,6346.2,1764.9875909,11209703.140173,6351.1512477305
2018-11-03,2018-11-03,6346.2,6347.6,6300.6,6331.4,682.84379875,4320203.790725,6326.7819062477
2018-11-04,2018-11-04,6332.3,6471.6,6316.3,6419.9,1748.2959158,11195390.535288,6403.6016066338
2018-11-05,2018-11-05,6419.9,6443.3,6370.2,6405.9,1246.86456552,7983600.9862755,6402.9415920935
2018-11-06,2018-11-06,6406.0,6455.2,6390.2,6451.3,2068.61689691,13281472.732592,6420.460333874
2018-11-07,2018-11-07,6450.3,6552.9,6448.6,6503.3,2678.44185144,17430830.469334,6507.8248609214
2018-11-08,2018-11-08,6503.2,6515.7,6380.6,6408.8,2222.69047204,14328391.179419,6446.4176904795
2018-11-09,2018-11-09,6408.9,6419.7,6310.0,6335.4,2192.61043191,13964454.705265,6368.8717804287
2018-11-10,2018-11-10,6334.7,6375.0,6331.6,6349.0,699.4259707,4446172.5578804,6356.8879969249
2018-11-11,2018-11-11,6348.9,6364.5,6275.1,6358.2,757.26599104,4791716.5764274,6327.6532065657
2018-11-12,2018-11-12,6357.4,6385.0,6290.8,6327.3,2245.0162082,14256093.424845,6350.1071274112
2018-11-13,2018-11-13,6327.3,6329.1,6250.0,6260.0,2534.8560695,15937010.304117,6287.1460418897
2018-11-14,2018-11-14,6258.8,6300.0,5330.0,5600.9,15801.63865694,90638896.188865,5736.0441000248
2018-11-15,2018-11-15,5600.9,5647.8,5206.1,5570.6,10784.00578572,58865584.773288,5458.6010006817
2018-11-16,2018-11-16,5574.5,5610.0,5413.0,5514.4,4398.89570819,24313834.192169,5527.2586133154
2018-11-17,2018-11-17,5516.9,5549.5,5457.2,5499.3,2194.93344824,12043641.98442,5487.019205105
2018-11-18,2018-11-18,5499.4,5698.0,5499.4,5560.9,1993.3557686,11072234.690459,5554.5702703316
2018-11-19,2018-11-19,5561.0,5563.5,4700.0,4741.2,16742.72939184,85090812.96225,5082.2545697788
2018-11-20,2018-11-20,4740.8,4891.9,4028.8,4361.4,24334.07438498,108623934.96345,4463.8613840394
2018-11-21,2018-11-21,4361.4,4635.7,4240.9,4548.2,11087.68063094,49277588.504893,4444.3549688277
2018-11-22,2018-11-22,4543.3,4589.9,4070.0,4262.6,6504.17863961,28819928.00666,4430.9865401219
2018-11-23,2018-11-23,4269.4,4364.8,4089.4,4286.4,9319.24521711,39449928.346305,4233.1677541734
2018-11-24,2018-11-24,4287.6,4373.2,3685.0,3780.0,10821.68499053,43041860.722657,3977.3714315583
2018-11-25,2018-11-25,3775.0,4126.9,3456.0,3932.9,19692.9488549,74085889.762602,3762.0516007265
2018-11-26,2018-11-26,3932.2,4067.8,3516.1,3727.1,18383.35171047,69311899.933313,3770.3625010796
2018-11-27,2018-11-27,3727.5,3829.0,3561.6,3770.7,11635.14922863,43107955.131672,3704.9765572064
2018-11-28,2018-11-28,3770.9,4397.6,3770.8,4219.8,16238.44129275,66769615.166057,4111.8241561687
2018-11-29,2018-11-29,4219.8,4441.0,4066.0,4241.9,11168.64053806,47288914.227521,4234.0797043626
2018-11-30,2018-11-30,4242.0,4300.0,3856.9,3969.4,14587.39740305,58906186.959945,4038.1560419838
2018-12-01,2018-12-01,3969.4,4286.6,3905.7,4138.4,7217.24524291,29711104.856262,4116.6821766864
2018-12-02,2018-12-02,4138.1,4262.9,4025.1,4101.9,5903.84285302,24341559.459295,4123.0026044552
2018-12-03,2018-12-03,4101.9,4117.0,3732.6,3832.7,10835.55742103,42225732.402745,3896.9598666693
2018-12-04,2018-12-04,3832.3,4059.3,3728.7,3904.7,9296.11925295,36223166.168498,3896.5900912903
2018-12-05,2018-12-05,3904.7,3916.3,3653.0,3694.3,8825.24903921,33373213.28883,3781.5605135396
2018-12-06,2018-12-06,3697.1,3851.1,3412.0,3435.5,18686.40943319,68210695.778679,3650.2837007053
2018-12-07,2018-12-07,3432.6,3600.0,3208.0,3379.3,21254.63742886,71550677.512527,3366.3560600368
2018-12-08,2018-12-08,3379.0,3498.9,3251.3,3396.9,9218.81472558,31147509.189893,3378.6891392302
2018-12-09,2018-12-09,3395.1,3636.0,3359.9,3539.5,8558.53516802,30006776.024994,3506.0644649938
2018-12-10,2018-12-10,3532.6,3596.0,3348.7,3408.0,8249.14928776,28490638.170877,3453.7668281929
2018-12-11,2018-12-11,3410.4,3441.1,3294.5,3348.1,7038.78424579,23633674.185409,3357.6358302991
2018-12-12,2018-12-12,3347.1,3489.4,3323.6,3435.2,7305.32382602,24918707.28257,3411.0339084237
2018-12-13,2018-12-13,3433.1,3438.2,3217.7,3260.0,10912.653443,36285083.518016,3325.0468098839
2018-12-14,2018-12-14,3260.0,3308.6,3134.0,3194.9,11696.58249279,37595656.087771,3214.2428021985
2018-12-15,2018-12-15,3192.9,3225.0,3120.0,3180.1,5328.46611326,16883381.444051,3168.5256291743
2018-12-16,2018-12-16,3180.1,3265.0,3159.0,3189.7,4497.97943302,14485652.127202,3220.4798494324
2018-12-17,2018-12-17,3193.2,3587.9,3184.0,3502.0,18346.03927549,62584233.571978,3411.3212466295
2018-12-18,2018-12-18,3502.0,3690.9,3433.9,3669.1,11681.2271377,41363755.019108,3541.0453483616
2018-12-19,2018-12-19,3668.6,3920.0,3645.6,3683.6,23738.9113154,89281582.254732,3760.9804876272
2018-12-20,2018-12-20,3682.0,4178.0,3651.0,4074.4,21323.81104655,84516053.021852,3963.4591038793
2018-12-21,2018-12-21,4074.5,4164.0,3769.2,3838.5,16054.60464066,63631543.699352,3963.4450753274
2018-12-22,2018-12-22,3840.1,4022.6,3788.3,3981.3,9707.73609415,37622572.054627,3875.5248071998
2018-12-23,2018-12-23,3979.8,4062.5,3910.0,3940.2,6944.33058233,27614825.746993,3976.6001084769
2018-12-24,2018-12-24,3945.7,4239.9,3941.6,4033.6,14222.8612943,58548880.074391,4116.5331548199
2018-12-25,2018-12-25,4033.7,4040.0,3671.5,3778.5,12403.08473186,46908532.226676,3782.0053027762
2018-12-26,2018-12-26,3779.3,3860.0,3680.2,3808.2,8781.84537447,33158870.260065,3775.8430997274
2018-12-27,2018-12-27,3809.2,3840.0,3565.9,3588.6,8146.66909007,29938081.350956,3674.8861430309
2018-12-28,2018-12-28,3590.0,4028.6,3575.0,3890.5,10981.26713632,41492133.881196,3778.4468191256
2018-12-29,2018-12-29,3890.1,3952.9,3645.0,3725.0,6072.73772944,23424591.686388,3857.3363003687
2018-12-30,2018-12-30,3726.2,3871.6,3681.0,3832.4,5832.29296943,22098648.517716,3789.0155096025
2018-12-31,2018-12-31,3829.9,3837.0,3621.6,3691.9,6297.6647433,23510756.738107,3733.2499738287
2019-01-01,2019-01-01,3690.9,4499.3,3643.7,3820.1,5422.73769185,20531134.532272,3786.119797594
2019-01-02,2019-01-02,3825.0,3920.0,3767.2,3886.2,5737.24842759,22054243.311047,3844.0453798358
2019-01-03,2019-01-03,3887.8,3895.5,3721.9,3786.5,5533.9887278,21153542.129147,3822.4765480425
2019-01-04,2019-01-04,3785.3,3856.9,3728.8,3823.7,5078.83202285,19236367.371062,3787.5573132791
2019-01-05,2019-01-05,3823.6,3874.7,3772.1,3796.6,3545.08209471,13596092.863278,3835.1983113637
2019-01-06,2019-01-06,3795.2,4083.9,3760.4,4041.1,7954.13191275,31519640.183471,3962.6750636291
2019-01-07,2019-01-07,4041.0,4078.9,3965.0,4005.3,5303.54326993,21323717.061245,4020.6548671237
2019-01-08,2019-01-08,4003.7,4113.9,3935.0,3992.9,8106.90629508,32578355.892501,4018.5928770723
2019-01-09,2019-01-09,3993.0,4039.8,3966.0,3999.9,5461.81114109,21887124.883583,4007.3016657282
2019-01-10,2019-01-10,4002.2,4035.5,3550.0,3623.5,13261.94887982,49754466.102946,3751.6707803522
2019-01-11,2019-01-11,3623.5,3694.9,3560.5,3635.1,9804.82310471,35617687.83323,3632.670110705
2019-01-12,2019-01-12,3635.1,3652.4,3562.7,3616.5,2885.95697857,10456219.153583,3623.1375696958
2019-01-13,2019-01-13,3616.5,3644.8,3375.0,3512.6,5567.97065517,19702360.53418,3538.5173080764
2019-01-14,2019-01-14,3514.9,3717.0,3506.9,3664.8,6916.56923271,24973635.45083,3610.6969525764
2019-01-15,2019-01-15,3664.7,3685.5,3550.0,3587.0,6451.99054486,23407022.985481,3627.8762069992
2019-01-16,2019-01-16,3586.1,3669.5,3573.4,3606.6,6583.62503582,23759629.112155,3608.8976791486
2019-01-17,2019-01-17,3610.5,3660.0,3540.5,3644.0,6052.47409618,21863196.54495,3612.2742861053
2019-01-18,2019-01-18,3641.2,3644.8,3576.0,3612.2,4152.09128134,15005247.700196,3613.9012086829
2019-01-19,2019-01-19,3612.1,3950.0,3606.1,3683.0,4386.79804912,16285291.239802,3712.3412241576
2019-01-20,2019-01-20,3683.0,3702.5,3468.7,3530.6,6015.13071081,21353844.721173,3550.0217281725
2019-01-21,2019-01-21,3533.4,3565.0,3487.8,3533.4,3935.54904552,13906997.833002,3533.6868305156
2019-01-22,2019-01-22,3533.4,3607.5,3440.0,3575.8,5851.43328184,20749033.276703,3545.9745121077
2019-01-23,2019-01-23,3575.7,3613.2,3521.7,3556.1,5126.73430054,18284374.516044,3566.475936566
2019-01-24,2019-01-24,3556.1,3591.7,3531.3,3571.3,3394.85106164,12081578.543181,3558.7948701775
2019-01-25,2019-01-25,3571.2,3577.4,3511.6,3560.1,3627.6144313,12883343.701379,3551.4644528421
2019-01-26,2019-01-26,3560.1,3673.0,3535.6,3556.2,3156.93151254,11315674.628983,3584.3902802562
2019-01-27,2019-01-27,3555.8,3562.2,3470.8,3533.4,2449.77286239,8657905.6235343,3534.1666798805
2019-01-28,2019-01-28,3533.5,3537.0,3373.8,3431.0,7958.03551092,27294934.134746,3429.8582982311
2019-01-29,2019-01-29,3431.0,3440.0,3343.3,3395.0,6116.97499623,20759924.723818,3393.8220667263
2019-01-30,2019-01-30,3393.4,3465.1,3371.3,3435.4,4909.98063227,16825357.613539,3426.7665951587
2019-01-31,2019-01-31,3435.1,3478.1,3395.2,3409.6,5209.9167729,17809333.3305,3418.3527504965
2019-02-01,2019-02-01,3409.6,3460.0,3373.1,3437.2,5790.49645131,19784680.597235,3416.7503190091
2019-02-02,2019-02-02,3436.6,3494.1,3414.0,3466.0,2428.52068393,8357510.3167629,3441.3996850289
2019-02-03,2019-02-03,3467.7,3473.0,3388.6,3415.2,2316.06574848,7927861.8794307,3422.9865385444
2019-02-04,2019-02-04,3416.9,3437.8,3396.9,3413.9,2827.50625053,9657664.7813183,3415.6121775179
2019-02-05,2019-02-05,3411.0,3433.8,3397.8,3429.5,2734.49952131,9354970.344397,3421.0905035798
2019-02-06,2019-02-06,3429.5,3445.0,3337.0,3367.4,4940.69639715,16675920.282266,3375.2165568978
2019-02-07,2019-02-07,3367.2,3382.4,3348.1,3360.3,3197.00311531,10760035.300388,3365.663063905
2019-02-08,2019-02-08,3359.5,3704.9,3341.4,3622.0,10258.36559733,36067888.31266,3515.9488098228
2019-02-09,2019-02-09,3622.1,3744.2,3589.6,3625.7,3623.0668471,13122716.648375,3621.9913134859
2019-02-10,2019-02-10,3625.7,3657.1,3578.2,3647.1,2513.28893374,9086053.7979555,3615.2046332511
2019-02-11,2019-02-11,3647.3,3650.7,3577.7,3591.7,3610.23464842,12991949.447622,3598.6440530417
2019-02-12,2019-02-12,3591.7,3620.0,3538.2,3588.9,4498.99811166,16108587.034825,3580.4831731484
2019-02-13,2019-02-13,3588.9,3632.2,3560.0,3574.0,3752.06697491,13445438.432902,3583.475061296
2019-02-14,2019-02-14,3576.0,3589.3,3532.1,3562.3,3239.84003271,11556128.604836,3566.8824658512
2019-02-15,2019-02-15,3560.6,3616.1,3546.8,3567.4,3889.92200996,13894693.194247,3571.9721780205
2019-02-16,2019-02-16,3567.8,3613.3,3562.7,3580.1,2089.14235376,7499110.2973418,3589.5640542852
2019-02-17,2019-02-17,3580.4,3675.0,3552.7,3625.1,3861.96107817,13888485.50066,3596.22617099
2019-02-18,2019-02-18,3625.7,3926.0,3617.0,3870.7,11387.81622127,42994596.251708,3775.490876943
2019-02-19,2019-02-19,3870.1,3975.0,3838.2,3888.1,7737.01241447,30267769.864361,3912.0746152291
2019-02-20,2019-02-20,3888.5,3962.5,3865.7,3942.0,5841.96701884,22880847.420617,3916.6341314197
2019-02-21,2019-02-21,3938.6,3986.0,3863.2,3897.1,4844.09524158,18930945.257667,3908.0456336139
2019-02-22,2019-02-22,3897.1,3954.6,3884.7,3940.5,4768.51456429,18726919.894779,3927.2019917941
2019-02-23,2019-02-23,3940.5,4160.1,3911.0,4113.3,6813.1540516,27470729.231552,4032.0135173079
2019-02-24,2019-02-24,4110.0,4190.3,3625.0,3732.2,12720.48629856,49361716.55801,3880.4897391067
2019-02-25,2019-02-25,3732.4,3860.3,3732.3,3819.8,5283.80106032,20094047.006826,3802.9529835495
2019-02-26,2019-02-26,3819.6,3829.9,3764.0,3796.2,4283.36360504,16264931.600345,3797.2334595193
2019-02-27,2019-02-27,3795.0,3827.9,3652.6,3799.1,6161.73082637,23226163.153183,3769.4219055762
2019-02-28,2019-02-28,3797.8,3885.0,3756.4,3793.7,5628.74181432,21477168.223719,3815.6250423638
2019-03-01,2019-03-01,3793.6,3843.0,3785.8,3804.7,2670.27056,10179052.852206,3811.9930634316
2019-03-02,2019-03-02,3804.6,3818.5,3754.3,3809.9,1766.65267005,6714833.6038404,3800.8793226177
2019-03-03,2019-03-03,3810.3,3822.4,3755.4,3785.7,2204.15581929,8362643.7574445,3794.0347430329
2019-03-04,2019-03-04,3785.7,3805.2,3670.9,3700.1,4484.16415368,16659764.037454,3715.2440157175
2019-03-05,2019-03-05,3700.0,3875.1,3690.6,3844.9,4451.45071933,16904829.37866,3797.6000285148
2019-03-06,2019-03-06,3845.0,3895.7,3805.0,3851.7,3444.45541485,13239566.312763,3843.7328164223
2019-03-07,2019-03-07,3851.7,3891.4,3829.9,3854.0,4079.0859958,15754518.345386,3862.2667827077
2019-03-08,2019-03-08,3854.0,3910.0,3760.3,3844.3,4658.36432565,17996711.884798,3863.3113742744
2019-03-09,2019-03-09,3840.5,3947.0,3836.7,3919.2,3290.69934994,12817696.733231,3895.1284727559
2019-03-10,2019-03-10,3916.1,3916.3,3863.7,3897.9,1449.90112995,5639155.4877358,3889.3379494989
2019-03-11,2019-03-11,3899.8,3911.2,3815.5,3850.7,3229.68425128,12458145.078317,3857.3879392015
2019-03-12,2019-03-12,3852.0,3879.6,3800.4,3863.1,3277.17076648,12616353.43684,3849.769919189
2019-03-13,2019-03-13,3864.4,3873.5,3826.2,3853.4,3013.36988631,11610356.425342,3852.9476510961
2019-03-14,2019-03-14,3851.3,3907.0,3781.6,3853.9,3598.00904931,13849851.367147,3849.3097647442
2019-03-15,2019-03-15,3853.9,3909.8,3846.8,3900.2,2890.5468131,11221237.266045,3882.0465439929
2019-03-16,2019-03-16,3900.1,4042.5,3899.7,3989.2,4433.96527029,17632934.705326,3976.7868331031
2019-03-17,2019-03-17,3989.5,3989.6,3937.4,3965.0,1470.32997851,5825342.2090403,3961.928474684
2019-03-18,2019-03-18,3965.1,4019.9,3935.2,3969.6,3731.05753334,14819291.843889,3971.8743845322
2019-03-19,2019-03-19,3969.6,4010.0,3950.0,4000.0,3209.59684619,12780288.914629,3981.8985146997
2019-03-20,2019-03-20,3999.9,4048.8,3963.4,4032.1,3934.60707367,15740045.407423,4000.4109972643
2019-03-21,2019-03-21,4030.9,4064.4,3871.3,3972.4,4867.14441589,19419887.356841,3989.996124512
2019-03-22,2019-03-22,3972.5,3999.0,3960.0,3982.1,2481.95907983,9879739.2085354,3980.6213119404
2019-03-23,2019-03-23,3982.1,4000.4,3961.0,3982.5,1616.99006845,6436828.1508339,3980.7468681635
2019-03-24,2019-03-24,3982.4,3982.4,3944.4,3969.3,2067.31600017,8197461.5036824,3965.2677689373
2019-03-25,2019-03-25,3968.6,3976.6,3855.5,3905.9,4822.94880118,18922247.028079,3923.3771304912
2019-03-26,2019-03-26,3905.9,3921.6,3882.8,3918.9,2316.83494036,9055259.5991523,3908.4612552266
2019-03-27,2019-03-27,3919.0,4037.3,3913.0,4025.8,4241.28435209,16934659.909929,3992.8140874554
2019-03-28,2019-03-28,4025.0,4025.0,3994.8,4013.8,2373.31508999,9520078.5660401,4011.2998927927
2019-03-29,2019-03-29,4013.3,4100.0,4005.9,4088.9,4465.02001546,18142370.45227,4063.2226483762
2019-03-30,2019-03-30,4088.4,4130.0,4040.0,4090.9,2493.45384143,10192848.869939,4087.843416461
2019-03-31,2019-03-31,4092.2,4100.0,4073.7,4095.2,947.56836123,3875028.4419662,4089.4447308648
2019-04-01,2019-04-01,4095.1,4148.6,4051.7,4137.8,4663.4331354,19243840.437802,4126.5393711176
2019-04-02,2019-04-02,4137.9,5142.9,4133.1,4902.9,22863.72476824,107913896.04897,4719.8738238346
2019-04-03,2019-04-03,4899.4,5362.7,4751.0,4972.2,20191.08480553,102259771.6788,5064.6001769452
2019-04-04,2019-04-04,4971.2,5075.1,4782.1,4905.7,10863.87634326,53872567.09795,4958.8715294401
2019-04-05,2019-04-05,4905.7,5091.9,4886.0,5038.1,5596.85362509,27954458.59626,4994.6738772913
2019-04-06,2019-04-06,5037.4,5240.0,4895.9,5044.4,5810.7632637,29491337.015519,5075.2948755893
2019-04-07,2019-04-07,5044.1,5270.0,5015.7,5194.2,5504.64227949,28354411.072725,5150.9997622138
2019-04-08,2019-04-08,5194.4,5359.8,5125.5,5285.1,7445.36236745,39014487.646811,5240.1059507024
2019-04-09,2019-04-09,5287.7,5287.7,5144.9,5190.8,5767.68205057,30068192.535886,5213.2195000094
2019-04-10,2019-04-10,5191.9,5464.0,5167.8,5321.0,8788.85314202,46627448.479369,5305.2938450457
2019-04-11,2019-04-11,5321.4,5343.4,4960.1,5041.7,8920.37095503,45612609.669249,5113.3086167822
2019-04-12,2019-04-12,5040.7,5115.9,4920.0,5078.8,5355.40958017,26951925.546894,5032.654392428
2019-04-13,2019-04-13,5077.3,5122.0,5036.1,5065.6,2471.77936811,12558426.421404,5080.723054585
2019-04-14,2019-04-14,5065.6,5190.1,5008.0,5158.4,2495.60383228,12719646.56928,5096.8212200808
2019-04-15,2019-04-15,5159.1,5188.7,4942.8,5034.8,4722.14778882,23982179.389317,5078.6592164896
2019-04-16,2019-04-16,5034.8,5245.0,5017.9,5204.1,5313.7177985,27364198.201364,5149.7274110208
2019-04-17,2019-04-17,5204.0,5300.0,5175.1,5224.9,3629.35596068,18957198.026296,5223.2953261338
2019-04-18,2019-04-18,5225.0,5325.0,5222.1,5282.8,3538.01941215,18642670.824694,5269.2392700483
2019-04-19,2019-04-19,5281.0,5366.5,5191.9,5286.0,4019.02635402,21175272.166233,5268.7567338424
2019-04-20,2019-04-20,5286.0,5359.0,5257.0,5316.5,2551.48030632,13551686.061202,5311.3034138003
2019-04-21,2019-04-21,5320.3,5347.8,5200.0,5297.0,2941.344834,15513424.038854,5274.2622556625
2019-04-22,2019-04-22,5294.7,5453.3,5245.0,5384.0,5931.81900743,31723875.166039,5348.085490522
2019-04-23,2019-04-23,5384.0,5645.0,5363.3,5525.4,8384.64468649,46464435.368215,5541.6105399292
2019-04-24,2019-04-24,5525.4,5627.9,5375.3,5442.2,7883.83619222,43147231.446073,5472.8726465235
2019-04-25,2019-04-25,5442.2,5510.5,4357.1,5128.7,11255.08165807,59191041.501854,5259.0503827588
2019-04-26,2019-04-26,5128.7,5290.0,5043.3,5153.0,8978.67196033,46231302.608554,5149.0134412768
2019-04-27,2019-04-27,5154.5,5216.5,5116.7,5168.5,2868.07007969,14818682.164802,5166.7782700777
2019-04-28,2019-04-28,5169.8,5215.4,5100.2,5156.1,2657.17297914,13721168.076611,5163.8219206383
2019-04-29,2019-04-29,5156.2,5194.2,5061.1,5149.0,4372.35191308,22505634.700955,5147.260593007
2019-04-30,2019-04-30,5152.8,5297.0,5131.1,5272.2,4856.83957886,25379913.785577,5225.602652401
2019-05-01,2019-05-01,5272.2,5359.3,5270.0,5323.3,3469.48695754,18421337.117962,5309.5277034918
2019-05-02,2019-05-02,5323.2,5421.9,5309.6,5390.0,3887.59065861,20888157.018018,5373.0340594776
2019-05-03,2019-05-03,5390.0,5796.0,5368.7,5660.0,10720.04184841,60480811.898838,5641.844757146
2019-05-04,2019-05-04,5660.0,5840.0,5525.0,5763.5,8566.28006675,48878152.211449,5705.8783778469
2019-05-05,2019-05-05,5765.6,5779.9,5627.6,5716.9,3376.24160728,19303995.334008,5717.5989100968
2019-05-06,2019-05-06,5719.1,5752.0,5563.4,5687.4,5049.28643278,28594779.970262,5663.1328705427
2019-05-07,2019-05-07,5687.6,5967.8,5687.6,5744.0,9401.6305955,55066738.491912,5857.1476439703
2019-05-08,2019-05-08,5747.0,5983.2,5660.0,5939.6,5998.64575312,35135587.829154,5857.2533327008
2019-05-09,2019-05-09,5942.0,6174.0,5933.2,6151.4,7405.13363643,44816569.973631,6052.0946918706
2019-05-10,2019-05-10,6151.4,6430.0,6110.1,6337.9,9872.36035411,62163380.832227,6296.7090546231
2019-05-11,2019-05-11,6339.5,7450.0,6338.0,7209.9,18569.93001843,128045348.44945,6895.3059231979
2019-05-12,2019-05-12,7207.9,7588.0,6724.1,6973.9,18620.15421198,133220735.8966,7154.6526618394
2019-05-13,2019-05-13,6970.1,8169.3,6870.0,7816.3,19668.59682558,151117668.95398,7683.1952118437
2019-05-14,2019-05-14,7817.1,8339.9,7620.0,7993.7,18121.9754372,144637198.36571,7981.3152195763
2019-05-15,2019-05-15,7988.9,8296.9,7829.6,8203.0,11613.97246614,93701773.548715,8068.0209826482
2019-05-16,2019-05-16,8201.5,8370.0,7650.0,7880.7,13423.21182049,107002597.28199,7971.460088163
2019-05-17,2019-05-17,7883.6,7946.2,6636.0,7350.0,21017.34501539,151947331.22056,7229.6158772335
2019-05-18,2019-05-18,7353.9,7494.2,7205.0,7266.8,6258.58492132,45850688.205096,7326.0471466808
2019-05-19,2019-05-19,7265.0,8300.0,7257.0,8194.9,15307.90253909,121538787.81618,7939.6107667804
2019-05-20,2019-05-20,8197.2,8198.2,7567.2,8005.0,12253.39716216,96828940.688224,7902.2118851451
2019-05-21,2019-05-21,7999.2,8116.0,7807.0,7951.9,7202.60253112,57332865.945379,7960.0207977134
2019-05-22,2019-05-22,7951.7,8050.0,7510.0,7622.1,8749.25417123,68442229.993841,7822.6359246595
2019-05-23,2019-05-23,7623.1,7986.6,7470.0,7878.9,8037.51685174,62122582.190783,7729.0764469544
2019-05-24,2019-05-24,7880.5,8173.7,7800.2,8000.0,7532.62895907,60334903.064125,8009.8068538841
2019-05-25,2019-05-25,8000.0,8161.0,7946.9,8066.5,3059.74925504,24624321.119715,8047.8232257608
2019-05-26,2019-05-26,8067.4,8788.0,7896.2,8736.3,9721.05229226,82017819.656367,8437.1338812435
2019-05-27,2019-05-27,8733.0,8953.4,8662.7,8778.7,7687.30706391,67576064.761735,8790.6030291138
2019-05-28,2019-05-28,8773.0,8814.6,8200.0,8720.1,5812.89655874,50387079.810797,8668.1535275278
2019-05-29,2019-05-29,8720.1,8752.4,8429.1,8663.2,5925.73198996,51110744.201325,8625.2203589231
2019-05-30,2019-05-30,8664.1,9094.4,7988.8,8269.6,12998.58332278,111027992.30618,8541.5456091745
2019-05-31,2019-05-31,8272.0,8591.1,8110.1,8552.9,9030.11563101,75231673.35464,8331.1971218053
2019-06-01,2019-06-01,8552.9,8622.5,8461.6,8549.9,2928.40623522,25008590.563456,8540.0004489395
2019-06-02,2019-06-02,8549.5,8841.3,8540.8,8742.5,3811.64965115,33148731.196564,8696.688895991
2019-06-03,2019-06-03,8740.0,8746.0,8039.0,8120.0,9017.51715884,75944612.174219,8421.8982716068
2019-06-04,2019-06-04,8103.6,8104.7,7425.0,7670.0,14416.39550153,112283015.83116,7788.5637792914
2019-06-05,2019-06-05,7668.9,7934.8,7565.0,7787.1,7857.73218301,61030921.158282,7766.9892198977
2019-06-06,2019-06-06,7787.8,7875.0,7440.0,7804.3,8129.11479644,62620798.787346,7703.2740163504
2019-06-07,2019-06-07,7799.0,8131.6,7765.0,8000.5,6580.7528797,52421538.127704,7965.8876554097
2019-06-08,2019-06-08,8000.0,8060.6,7785.2,7928.7,3423.3720368,27133625.552869,7925.9938041184
2019-06-09,2019-06-09,7928.6,7960.0,7510.0,7642.1,4243.52930192,32723351.566966,7711.3528006418
2019-06-10,2019-06-10,7638.5,8076.7,7525.0,8019.9,7215.60581891,56853788.080253,7879.2813115228
2019-06-11,2019-06-11,8019.4,8052.0,7715.0,7921.4,6846.67992666,53933135.30604,7877.2683817205
2019-06-12,2019-06-12,7922.2,8286.8,7823.1,8171.0,8081.90839436,65257297.095942,8074.4910622201
2019-06-13,2019-06-13,8171.0,8344.9,8005.0,8237.6,5762.34175582,47213002.702478,8193.3708035961
2019-06-14,2019-06-14,8237.6,8740.0,8175.0,8694.0,7257.80726429,61314219.925129,8448.0363961727
2019-06-15,2019-06-15,8694.0,8912.0,8620.3,8856.8,5293.9358883,46390812.302952,8763.0098440518
2019-06-16,2019-06-16,8857.0,9390.0,8456.0,8976.1,12551.75925319,114067853.20155,9087.7980449281
2019-06-17,2019-06-17,8976.0,9470.0,8971.9,9335.0,8436.74202351,78105229.439947,9257.747744603
2019-06-18,2019-06-18,9335.0,9355.0,8943.0,9080.5,6320.83214504,57616794.016601,9115.3811230083
2019-06-19,2019-06-19,9077.3,9323.3,9040.0,9277.1,4408.22300671,40366283.936477,9157.0421630288
2019-06-20,2019-06-20,9282.1,9600.0,9213.2,9534.3,6475.26400109,60886177.991744,9402.8873543217
2019-06-21,2019-06-21,9533.2,10250.0,9533.2,10219.2,9099.70690374,89496017.279146,9835.0439443674
2019-06-22,2019-06-22,10216.2,11216.8,10000.0,10663.8,12842.48586265,136976859.64348,10665.914769807
2019-06-23,2019-06-23,10663.6,11286.8,10474.0,10814.1,5943.46891708,64412569.572081,10837.537887508
2019-06-24,2019-06-24,10812.1,11102.6,10511.0,11020.6,5457.41272587,59177979.754851,10843.596174122
2019-06-25,2019-06-25,11023.9,11800.0,11007.5,11765.1,11623.88144358,131817648.37649,11340.243705711
2019-06-26,2019-06-26,11765.1,13875.7,11540.1,12933.7,25638.32016814,325205290.39538,12684.344694295
2019-06-27,2019-06-27,12933.2,13360.9,10300.0,11148.0,25036.02921073,289944751.71536,11581.099753275
2019-06-28,2019-06-28,11161.9,12450.0,10723.3,12360.0,13815.54984822,161382676.81429,11681.234448666
2019-06-29,2019-06-29,12370.0,12436.2,11172.6,11865.1,10990.69186727,130119676.95126,11839.079697863
2019-06-30,2019-06-30,11865.1,12200.0,10650.0,10752.3,10959.68537569,123962224.4601,11310.746632843
2019-07-01,2019-07-01,10749.4,11239.0,9900.0,10575.9,14633.39438537,154214915.26799,10538.560719868
2019-07-02,2019-07-02,10578.7,10947.3,9666.0,10837.3,15317.90208157,157240057.70281,10265.117041843
2019-07-03,2019-07-03,10837.2,12037.0,10807.3,11979.8,16123.60034549,183128309.73142,11357.780260452
2019-07-04,2019-07-04,11984.7,12064.4,10601.0,11148.3,7856.44947708,91738430.069502,11676.830651955
2019-07-05,2019-07-05,11145.0,11482.9,10736.0,11006.0,8055.47677022,89456129.347786,11105.00742532
2019-07-06,2019-07-06,10988.7,11728.5,10945.6,11233.5,5353.33388748,61040345.472398,11402.304947792
2019-07-07,2019-07-07,11234.2,11631.2,11000.0,11480.7,4621.20557975,52425499.110004,11344.550292186
2019-07-08,2019-07-08,11481.5,12404.6,11323.7,12298.0,7494.97812687,89381216.442473,11925.480625759
2019-07-09,2019-07-09,12299.7,12826.5,12127.0,12570.5,8812.26490224,110025908.74148,12485.542588888
2019-07-10,2019-07-10,12562.9,13197.8,11555.0,12096.2,12774.39518086,159103625.07994,12454.885168914
2019-07-11,2019-07-11,12096.0,12096.0,10957.0,11343.5,13431.16269014,154395394.6201,11495.311179087
2019-07-12,2019-07-12,11346.1,11930.2,11091.3,11798.1,7210.30042024,83364594.557991,11561.875331016
2019-07-13,2019-07-13,11804.0,11844.5,10800.1,11381.5,7153.01536348,80881158.195964,11307.281487036
2019-07-14,2019-07-14,11381.5,11461.1,10275.1,10621.1,7554.98168904,81097211.420729,10734.269751888
2019-07-15,2019-07-15,10622.7,11078.3,9789.0,10840.4,9896.55364709,103255637.36541,10433.494431243
2019-07-16,2019-07-16,10840.8,11038.1,9365.0,9420.3,14549.88976143,145766143.56978,10018.367558783
2019-07-17,2019-07-17,9420.5,9979.4,9099.0,9703.9,13073.68165922,125144063.40456,9572.2128369482
2019-07-18,2019-07-18,9701.3,10800.0,9250.1,10636.6,13028.99664647,131508520.65758,10093.526326389
2019-07-19,2019-07-19,10647.2,10775.0,10122.0,10535.2,7418.36136261,77528224.23123,10450.855713499
2019-07-20,2019-07-20,10530.8,11210.0,10379.5,10774.9,6939.80734523,74606088.784145,10750.455318536
2019-07-21,2019-07-21,10774.7,10842.2,10188.0,10595.3,5461.71221755,57587497.121178,10543.854166489
2019-07-22,2019-07-22,10595.3,10685.1,10071.0,10323.9,6592.61341474,68372524.841693,10371.080562501
2019-07-23,2019-07-23,10324.0,10328.9,9800.0,9840.6,7956.17264384,79736647.582449,10021.985589288
2019-07-24,2019-07-24,9840.6,9919.6,9500.1,9769.8,8280.4741517,80305395.272952,9698.1638734378
2019-07-25,2019-07-25,9770.0,10187.4,9734.6,9878.0,5604.36102566,56113195.776665,10012.416316463
2019-07-26,2019-07-26,9878.0,9911.3,9625.2,9852.0,4322.50316393,42256169.29781,9775.8561868561
2019-07-27,2019-07-27,9850.9,10204.6,9269.1,9471.8,6349.4388301,61377135.245708,9666.5448534987
2019-07-28,2019-07-28,9472.8,9630.0,9120.0,9531.7,3862.18796917,36449293.672445,9437.472739132
2019-07-29,2019-07-29,9536.2,9709.7,9375.0,9499.9,4104.96177138,39144585.132866,9535.9195317686
2019-07-30,2019-07-30,9495.4,9766.1,9381.3,9594.1,3996.7021489,38305865.335221,9584.3682886812
2019-07-31,2019-07-31,9594.0,10135.8,9575.0,10090.1,6067.91115085,60098842.907279,9904.3709463116
2019-08-01,2019-08-01,10090.3,10530.0,9882.4,10408.9,6555.68652868,66615916.429778,10161.546946814
2019-08-02,2019-08-02,10408.9,10665.4,10327.9,10531.5,5203.22201179,54555479.307122,10484.941673353
2019-08-03,2019-08-03,10532.7,10928.0,10507.0,10809.9,3958.82486203,42681538.226859,10781.365610848
2019-08-04,2019-08-04,10809.9,11078.7,10539.9,10972.4,4989.39900931,54070218.586016,10837.020347566
2019-08-05,2019-08-05,10977.6,11940.0,10973.0,11799.6,8456.18018477,98447777.439626,11642.109710119
2019-08-06,2019-08-06,11799.6,12340.0,11200.0,11458.8,10984.9180348,129318545.33264,11772.372349339
2019-08-07,2019-08-07,11458.1,12173.8,11387.0,11962.7,9518.03243373,111889811.63901,11755.561080302
2019-08-08,2019-08-08,11973.3,12065.0,11472.6,11982.6,5503.28967046,64791309.404531,11773.196267009
2019-08-09,2019-08-09,11992.9,12042.0,11660.0,11857.6,4972.62735052,58816094.819334,11827.971547714
2019-08-10,2019-08-10,11859.6,11975.0,11230.2,11284.7,5075.90454317,58197712.503458,11465.486005202
2019-08-11,2019-08-11,11280.0,11581.0,11101.9,11526.7,3242.58542379,36875582.042644,11372.277742353
2019-08-12,2019-08-12,11539.7,11550.2,11235.0,11384.2,2521.40994313,28723843.333434,11391.976704025
2019-08-13,2019-08-13,11386.0,11442.6,10751.0,10857.0,5530.49168914,61113678.452667,11050.315575498
2019-08-14,2019-08-14,10855.1,10862.0,9900.0,10018.0,9345.66962355,97079286.214072,10387.622302573
2019-08-15,2019-08-15,10018.0,10450.0,9490.0,10304.5,11725.54421272,116946653.06241,9973.6652679667
2019-08-16,2019-08-16,10300.9,10535.0,9728.0,10362.1,8443.90114207,86133998.804139,10200.735105127
2019-08-17,2019-08-17,10362.2,10475.0,9999.9,10211.8,3766.09859122,38567816.666676,10240.787842514
2019-08-18,2019-08-18,10211.8,10502.4,10065.0,10326.4,2908.43736041,30044244.436194,10330.029742142
2019-08-19,2019-08-19,10325.0,10950.0,10267.5,10921.8,5196.35981986,55440298.123503,10669.064507738
2019-08-20,2019-08-20,10921.4,10959.0,10560.1,10759.9,3828.56520889,41093678.293885,10733.440871913
2019-08-21,2019-08-21,10759.9,10800.0,9853.2,10125.0,8841.95813426,89970321.794273,10175.384278926
2019-08-22,2019-08-22,10125.0,10233.9,9752.2,10107.9,6511.37064984,65094649.277524,9997.073239737
2019-08-23,2019-08-23,10105.2,10478.6,10037.7,10406.3,4021.567157,41379850.11637,10289.483800947
2019-08-24,2019-08-24,10407.5,10421.4,9883.4,10140.5,4180.40112259,42237753.426322,10103.756119976
2019-08-25,2019-08-25,10148.7,10398.6,9910.1,10134.5,4209.49104422,42564336.05474,10111.516002198
2019-08-26,2019-08-26,10142.1,10697.9,10142.1,10364.6,7297.68866568,75780404.935826,10384.165234701
2019-08-27,2019-08-27,10364.4,10387.9,10033.0,10177.3,3401.11595726,34571648.753835,10164.795669503
2019-08-28,2019-08-28,10180.0,10297.7,9533.0,9716.1,6687.99385334,66042793.154775,9874.8286261946
2019-08-29,2019-08-29,9714.9,9714.9,9307.8,9484.3,5907.22044466,56148022.262355,9504.981706432
2019-08-30,2019-08-30,9484.7,9708.0,9350.5,9578.0,4391.33914057,41910757.469857,9543.9582615378
2019-08-31,2019-08-31,9577.9,9690.0,9400.0,9604.3,1980.08707079,18959979.912978,9575.3263544179
2019-09-01,2019-09-01,9602.1,9850.0,9540.8,9764.9,2143.79286394,20739514.535146,9674.2156782021
2019-09-02,2019-09-02,9765.0,10490.0,9752.8,10389.5,6360.47932096,64491372.307401,10139.388724192
2019-09-03,2019-09-03,10389.6,10785.6,10271.6,10614.6,7101.50581787,74969959.565114,10556.910250846
2019-09-04,2019-09-04,10619.7,10892.1,10319.0,10584.9,6149.09377268,65062906.016769,10580.893449022
2019-09-05,2019-09-05,10585.0,10662.4,10457.3,10574.9,3484.58759942,36794119.642301,10559.103076767
2019-09-06,2019-09-06,10577.5,10947.0,10145.3,10311.8,8328.94549932,88275876.611331,10598.68582626
2019-09-07,2019-09-07,10307.5,10569.1,10307.5,10483.4,2190.39254856,22877739.922739,10444.584436602
2019-09-08,2019-09-08,10483.3,10599.1,10240.9,10408.6,2078.25440436,21662355.739271,10423.34167262
2019-09-09,2019-09-09,10398.9,10523.0,10051.0,10314.5,4756.56870284,48903244.203765,10281.202114156
2019-09-10,2019-09-10,10309.2,10388.0,9938.1,10094.5,4302.89474056,43638070.869452,10141.561321059
2019-09-11,2019-09-11,10097.0,10250.0,9886.5,10160.7,5419.95480161,54520042.853523,10059.132381939
2019-09-12,2019-09-12,10161.0,10479.9,10040.1,10420.0,4997.36568605,51390318.818512,10283.481747587
2019-09-13,2019-09-13,10419.8,12000.0,8000.0,10362.1,4222.08556358,43507313.973909,10304.697363125
2019-09-14,2019-09-14,10362.2,10440.0,10210.7,10363.2,2090.84296902,21638830.449828,10349.333149572
2019-09-15,2019-09-15,10363.5,10380.0,10270.1,10311.3,1231.07158466,12694145.202567,10311.45983771
2019-09-16,2019-09-16,10311.3,10374.7,10000.0,10260.6,3342.93445037,34139865.687141,10212.544156635
2019-09-17,2019-09-17,10260.7,10276.3,10134.7,10190.0,2862.78629,29268341.049357,10223.725449432
2019-09-18,2019-09-18,10188.0,10259.9,10041.8,10157.6,2947.65276632,30015377.272441,10182.806338453
2019-09-19,2019-09-19,10157.7,10375.0,9633.8,10274.4,6317.87392557,63087778.55564,9985.6026408358
2019-09-20,2019-09-20,10274.4,10310.0,10069.0,10173.3,2979.57136009,30305723.568744,10171.168905258
2019-09-21,2019-09-21,10173.8,10175.1,9903.7,9978.4,2133.83021089,21386076.64293,10022.389098151
2019-09-22,2019-09-22,9980.0,10080.0,9850.0,10029.1,2127.34441348,21194344.454775,9962.8176427269
2019-09-23,2019-09-23,10029.2,10045.4,9615.0,9686.9,4041.35507992,39706951.880835,9825.1579224316
2019-09-24,2019-09-24,9696.0,9776.0,8046.0,8536.7,16440.33946453,145195395.32316,8831.6543363607
2019-09-25,2019-09-25,8535.0,8743.6,8000.0,8439.0,10165.91765298,85535578.338433,8413.9554596293
2019-09-26,2019-09-26,8439.0,8465.7,7730.0,8060.3,10825.20896328,87650950.728326,8096.9292163916
2019-09-27,2019-09-27,8063.0,8290.0,7850.0,8196.0,7405.79814858,59596630.146399,8047.2933437736
2019-09-28,2019-09-28,8195.9,8426.0,8024.9,8213.5,3824.92774834,31254911.774641,8171.3731163171
2019-09-29,2019-09-29,8214.0,8240.3,7909.0,8053.1,4937.63306462,39703183.969036,8040.9344820547
2019-09-30,2019-09-30,8053.3,8363.0,7655.0,8310.0,7532.44669163,60646946.03186,8051.4271809253
2019-10-01,2019-10-01,8310.0,8540.0,8201.8,8323.0,7856.25020541,65830791.601966,8379.4163730469
2019-10-02,2019-10-02,8323.0,8389.0,8168.2,8382.3,3884.72475803,32098016.519748,8262.6230992039
2019-10-03,2019-10-03,8382.2,8411.7,8070.1,8238.1,5110.21641641,41934478.447008,8206.0083233163
2019-10-04,2019-10-04,8245.4,8248.0,8001.0,8152.2,3962.29288913,32285732.75874,8148.2448829847
2019-10-05,2019-10-05,8155.0,8211.4,8023.3,8148.4,2165.33338854,17569497.498607,8113.9918645291
2019-10-06,2019-10-06,8150.8,8181.6,7780.0,7863.0,4761.79735033,37885205.758176,7956.0726698188
2019-10-07,2019-10-07,7863.0,8316.2,7769.7,8213.4,6458.49396534,52196891.469083,8081.8983108448
2019-10-08,2019-10-08,8213.4,8348.0,8112.1,8189.6,3839.86688141,31547300.31628,8215.7275995712
2019-10-09,2019-10-09,8180.2,8690.0,8118.1,8590.8,6095.51566733,51392708.946855,8431.2323602585
2019-10-10,2019-10-10,8589.9,8660.0,8456.8,8588.6,4491.79646465,38431853.75599,8556.0096185222
2019-10-11,2019-10-11,8588.6,8932.5,8230.3,8270.6,6684.48836003,56493658.029058,8451.4558162541
2019-10-12,2019-10-12,8269.3,8419.9,8265.0,8305.1,1335.94794356,11143437.636654,8341.2214453198
2019-10-13,2019-10-13,8305.1,8470.5,8144.4,8280.0,2659.77926754,22123671.45141,8317.8599522928
2019-10-14,2019-10-14,8280.0,8421.6,8214.6,8354.6,2175.19513106,18076191.11468,8310.1469181165
2019-10-15,2019-10-15,8354.6,8419.1,8060.5,8164.5,3446.28557862,28365779.694722,8230.8267981903
2019-10-16,2019-10-16,8164.5,8176.2,7916.0,8000.0,4175.76513585,33485261.288978,8018.9522637417
2019-10-17,2019-10-17,8000.1,8136.4,7938.8,8077.1,3371.34839504,27118100.592302,8043.6957011618
2019-10-18,2019-10-18,8077.1,8113.9,7821.0,7956.4,4812.45299948,38203439.41415,7938.4545507827
2019-10-19,2019-10-19,7956.3,8104.7,7878.6,7958.9,2506.19289998,19980457.44459,7972.4339833337
2019-10-20,2019-10-20,7960.0,8305.0,7882.5,8240.2,3549.21261809,28765478.364304,8104.7492668342
2019-10-21,2019-10-21,8240.1,8387.3,8136.0,8217.8,3238.66567053,26638865.222765,8225.2593915956
2019-10-22,2019-10-22,8210.3,8325.0,8000.0,8020.6,4402.04347714,35950057.113329,8166.6747046047
2019-10-23,2019-10-23,8020.6,8050.3,7302.0,7475.0,9256.02935576,70391075.807726,7604.8889974536
2019-10-24,2019-10-24,7473.9,7520.0,7360.0,7428.5,3888.4684821,28963617.912831,7448.5926904541
2019-10-25,2019-10-25,7426.4,8788.0,7400.0,8665.2,11146.74642007,91651678.514126,8222.280749933
2019-10-26,2019-10-26,8669.4,10580.5,8646.6,9258.2,21100.98544246,199732645.32854,9465.5600741109
2019-10-27,2019-10-27,9261.7,9821.0,9106.3,9543.1,8972.37687837,85397260.137644,9517.7968218782
2019-10-28,2019-10-28,9554.1,9936.5,9187.6,9218.7,7774.23664903,73946869.633892,9511.7852687335
2019-10-29,2019-10-29,9217.1,9563.8,9030.0,9435.7,6443.02327089,60357898.044588,9367.9466155723
2019-10-30,2019-10-30,9435.1,9435.3,9000.0,9166.2,4885.88440327,44831170.025403,9175.6509825323
2019-10-31,2019-10-31,9163.9,9459.7,8949.6,9146.7,5161.90035164,47335434.011104,9170.1564901509
2019-11-01,2019-11-01,9151.9,9323.4,9058.1,9258.9,3424.08898477,31417740.193472,9175.5034209728
2019-11-02,2019-11-02,9258.2,9392.0,9204.4,9303.6,2319.75219001,21570921.874823,9298.8044014865
2019-11-03,2019-11-03,9303.6,9383.7,9080.0,9209.3,1976.07497804,18178938.991416,9199.5188408524
2019-11-04,2019-11-04,9209.9,9600.0,9130.0,9415.3,4210.55547002,39456419.961537,9370.8348559886
2019-11-05,2019-11-05,9415.2,9534.7,9175.0,9315.4,3879.89314136,36262448.195445,9346.2492069394
2019-11-06,2019-11-06,9313.0,9444.0,9255.0,9338.4,2425.04943523,22624704.128313,9329.5847085144
2019-11-07,2019-11-07,9339.6,9375.0,9084.9,9205.0,2735.36761936,25201306.36843,9213.1332512908
2019-11-08,2019-11-08,9205.0,9247.6,8675.0,8766.0,6097.43096545,54182330.600272,8886.0916847253
2019-11-09,2019-11-09,8765.9,8877.2,8721.0,8812.0,1669.90248078,14692577.601518,8798.4644436572
2019-11-10,2019-11-10,8812.1,9147.6,8751.7,9039.1,2916.52294666,26086454.811273,8944.3681014568
2019-11-11,2019-11-11,9039.0,9068.2,8610.0,8717.0,3855.37696814,33781989.172231,8762.3050745485
2019-11-12,2019-11-12,8717.0,8868.1,8560.0,8812.8,3351.9603215,29232874.210123,8721.1277599616
2019-11-13,2019-11-13,8812.8,8839.7,8709.6,8762.1,1944.95884718,17029523.891306,8755.7245316512
2019-11-14,2019-11-14,8763.9,8785.0,8561.0,8632.1,2648.09074564,22900814.877776,8648.0476227944
2019-11-15,2019-11-15,8632.0,8780.0,8375.4,8456.0,4632.18232862,39570523.533827,8542.5228815672
2019-11-16,2019-11-16,8455.9,8530.0,8430.0,8485.1,1557.17076091,13198384.727024,8475.875002502
2019-11-17,2019-11-17,8487.0,8630.0,8363.5,8503.2,2173.98903092,18528775.442515,8522.9387908521
2019-11-18,2019-11-18,8503.2,8503.2,8030.0,8170.1,5103.11313161,42283284.387291,8285.7822855969
2019-11-19,2019-11-19,8168.8,8198.7,7987.2,8122.1,3917.41024362,31713141.359704,8095.4353482259
2019-11-20,2019-11-20,8124.9,8220.0,8030.0,8083.1,3329.92013303,26986204.41892,8104.1596617407
2019-11-21,2019-11-21,8083.1,8116.5,7399.0,7619.1,7275.88164828,56046913.923976,7703.1096207049
2019-11-22,2019-11-22,7619.1,7719.3,6761.0,7284.8,13608.7453629,98329859.362698,7225.490428439
2019-11-23,2019-11-23,7284.7,7339.9,7105.2,7322.6,3450.73182725,24996072.054375,7243.7017148028
2019-11-24,2019-11-24,7322.5,7344.0,6836.9,6903.9,5289.08708673,37419954.832595,7074.9364151101
2019-11-25,2019-11-25,6903.9,7372.6,6525.0,7127.8,11883.52113364,82470014.334586,6939.8634804568
2019-11-26,2019-11-26,7125.8,7340.0,7025.0,7161.6,5289.8958885,37796261.00843,7144.9914714952
2019-11-27,2019-11-27,7161.6,7676.9,6854.5,7525.9,10280.36034579,75235119.8026,7318.3348902172
2019-11-28,2019-11-28,7523.8,7654.0,7373.2,7427.9,5151.04888594,38736983.641272,7520.2127758885
2019-11-29,2019-11-29,7427.9,7867.5,7412.4,7756.8,5710.64889357,43746365.104904,7660.4893629796
2019-11-30,2019-11-30,7756.6,7810.0,7452.1,7558.9,3783.84486788,28851156.389101,7624.8253817196
2019-12-01,2019-12-01,7558.9,7558.9,7228.8,7398.4,5458.62057674,40144883.410019,7354.4007768341
2019-12-02,2019-12-02,7398.3,7426.7,7160.1,7305.8,4088.18681186,29808517.30062,7291.3784698254
2019-12-03,2019-12-03,7304.0,7410.0,7245.0,7294.1,2968.6713419,21746031.593593,7325.1731462047
2019-12-04,2019-12-04,7299.5,7800.6,7068.2,7190.5,8221.35626433,60335765.962857,7338.9066259828
2019-12-05,2019-12-05,7196.2,7488.8,7157.9,7394.0,5740.72927962,42146373.345725,7341.6409819826
2019-12-06,2019-12-06,7395.0,7611.3,7311.0,7545.7,4660.87827212,34627908.789229,7429.4814769918
2019-12-07,2019-12-07,7546.3,7630.0,7491.3,7509.2,1904.40188544,14366758.434592,7543.9740657854
2019-12-08,2019-12-08,7507.2,7583.1,7400.0,7521.0,2035.40111552,15243845.86741,7489.3571351488
2019-12-09,2019-12-09,7518.7,7666.0,7256.7,7334.5,6674.37114463,49605332.596289,7432.2106939168
2019-12-10,2019-12-10,7334.5,7398.0,7160.0,7219.3,3914.44131465,28490626.66687,7278.3379227688
2019-12-11,2019-12-11,7218.7,7273.8,7125.0,7202.0,2841.93672577,20469448.422201,7202.6404516993
2019-12-12,2019-12-12,7201.9,7294.9,7077.0,7190.1,4286.99055883,30786748.848613,7181.4361207772
2019-12-13,2019-12-13,7190.2,7300.0,7182.7,7251.9,2900.50069874,21004848.968975,7241.8010373518
2019-12-14,2019-12-14,7251.9,7272.1,7010.0,7067.5,2770.37930834,19758795.369937,7132.1624841964
2019-12-15,2019-12-15,7067.5,7203.0,7010.0,7113.7,2347.93806361,16652928.186435,7092.5755855887
2019-12-16,2019-12-16,7112.8,7140.0,6800.0,6876.7,5102.80519991,35593477.262651,6975.2765132557
2019-12-17,2019-12-17,6877.4,6939.0,6563.0,6611.1,6131.25752861,41209641.705986,6721.2381006165
2019-12-18,2019-12-18,6612.9,7488.2,6430.2,7287.9,11212.51153387,77138582.263134,6879.6881082458
2019-12-19,2019-12-19,7293.4,7379.8,7045.0,7149.8,5337.33561706,38216286.904585,7160.1805931845
2019-12-20,2019-12-20,7150.5,7218.0,7076.7,7191.5,3440.04081588,24605745.266181,7152.7480582774
2019-12-21,2019-12-21,7191.6,7191.6,7117.6,7143.5,1353.22286945,9669198.1872735,7145.310950297
2019-12-22,2019-12-22,7143.5,7526.9,7124.0,7510.0,4534.82935907,33281530.918855,7339.0922311751
2019-12-23,2019-12-23,7510.1,7690.5,7265.0,7324.0,7541.527587,56569238.243954,7501.0317991103
2019-12-24,2019-12-24,7315.2,7420.4,7160.0,7253.3,4866.1343074,35467252.735585,7288.5889486546
2019-12-25,2019-12-25,7252.9,7271.8,7116.1,7192.1,3360.65679731,24187111.028187,7197.1380854918
2019-12-26,2019-12-26,7193.0,7428.9,7150.0,7195.5,3667.03100747,26587667.138917,7250.4614999862
2019-12-27,2019-12-27,7196.4,7255.0,6934.8,7246.4,3927.3940909,28141654.497341,7165.4776286766
2019-12-28,2019-12-28,7246.6,7350.0,7234.9,7300.1,2522.15801625,18413352.656204,7300.6340354445
2019-12-29,2019-12-29,7300.6,7531.4,7280.0,7391.0,3018.85255099,22321061.462328,7393.889262663
2019-12-30,2019-12-30,7383.4,7383.4,7200.0,7209.7,3737.33575952,27183892.79334,7273.6019834704
2019-12-31,2019-12-31,7216.4,7301.1,7110.0,7168.3,2652.13508878,19076717.66578,7192.9660545894
2020-01-01,2020-01-01,7168.3,7235.0,7150.0,7174.4,1827.63489373,13152644.725636,7196.5384173601
2020-01-02,2020-01-02,7174.4,7185.8,6915.0,6942.3,4057.33154562,28501853.617031,7024.7780583273
2020-01-03,2020-01-03,6943.4,7397.3,6860.0,7334.8,8120.49140472,58739372.590656,7233.4751264577
2020-01-04,2020-01-04,7333.2,7396.4,7260.0,7350.2,2912.37313055,21312648.491876,7317.9663238588
2020-01-05,2020-01-05,7350.2,7493.3,7301.1,7346.9,2904.093494,21534161.577768,7415.1061672976
2020-01-06,2020-01-06,7347.2,7800.0,7339.2,7757.3,5994.0749446,45397862.432515,7573.7895925732
2020-01-07,2020-01-07,7760.0,8252.5,7727.1,8160.0,10390.75619972,82791108.786269,7967.7655018506
2020-01-08,2020-01-08,8160.3,8464.3,7875.0,8043.3,12263.4285554,100821273.10393,8221.2957533426
2020-01-09,2020-01-09,8043.3,8043.7,7749.9,7818.0,6127.63939749,48322834.675867,7886.0441258441
2020-01-10,2020-01-10,7818.1,8191.9,7666.3,8191.9,8032.13512482,63786278.995267,7941.3851988323
2020-01-11,2020-01-11,8191.9,8319.5,7999.3,8026.2,4806.77769559,39113873.428829,8137.2336949792
2020-01-12,2020-01-12,8023.3,8185.0,7951.2,8177.3,2330.06754714,18855762.259002,8092.3672286436
2020-01-13,2020-01-13,8177.3,8188.8,8036.8,8104.0,2714.88825152,21997900.505745,8102.6909646941
2020-01-14,2020-01-14,8104.1,8892.0,8104.1,8815.5,15537.34136256,133597088.5329,8598.4522973037
2020-01-15,2020-01-15,8815.5,8900.0,8560.0,8810.3,8031.77698958,70336777.458675,8757.312055592
2020-01-16,2020-01-16,8808.4,8846.2,8579.4,8717.8,4960.81372289,43032797.543863,8674.5441267635
2020-01-17,2020-01-17,8717.9,9004.0,8657.7,8901.5,8148.70639247,72275956.962834,8869.6234079095
2020-01-18,2020-01-18,8898.5,8975.0,8810.0,8907.7,3915.30406409,34844183.467092,8899.4833853831
2020-01-19,2020-01-19,8905.3,9185.0,8470.0,8705.8,8532.3026769,75424688.7013,8839.8983905601
2020-01-20,2020-01-20,8705.8,8731.9,8510.0,8629.4,3779.4923618,32635838.032792,8634.9792270116
2020-01-21,2020-01-21,8628.7,8782.2,8333.0,8723.3,4521.51907233,38977895.827431,8620.5311099894
2020-01-22,2020-01-22,8723.3,8795.0,8565.4,8659.0,3097.91256918,26837638.113649,8663.1360680242
2020-01-23,2020-01-23,8658.9,8662.1,8281.0,8390.1,5865.70003157,49410919.744337,8423.7038168336
2020-01-24,2020-01-24,8390.1,8505.5,8215.2,8426.8,4582.86030911,38397670.296448,8378.5382286516
2020-01-25,2020-01-25,8426.8,8427.8,8253.3,8325.0,2513.01012983,20914107.207289,8322.3330296338
2020-01-26,2020-01-26,8325.1,8601.9,8285.0,8592.7,3516.66680936,29760963.257403,8462.8328103735
2020-01-27,2020-01-27,8599.3,8979.0,8565.0,8891.8,6287.21715108,55098925.825069,8763.6428806351
2020-01-28,2020-01-28,8891.8,9420.7,8873.9,9399.9,8030.84078641,72941350.010314,9082.6542264102
2020-01-29,2020-01-29,9395.0,9438.3,9222.6,9280.9,5598.64605243,52251647.551513,9332.90782489
2020-01-30,2020-01-30,9281.2,9568.1,9060.0,9500.0,8016.28534864,75153205.344867,9375.0661405307
2020-01-31,2020-01-31,9500.5,9520.0,9200.0,9339.3,4869.46275806,45431344.230779,9329.8473544295
2020-02-01,2020-02-01,9337.1,9453.9,9283.5,9377.1,1680.52574219,15749153.297824,9371.5632569245
2020-02-02,2020-02-02,9377.0,9473.1,9150.0,9322.2,3269.38968378,30573998.650074,9351.592072905
2020-02-03,2020-02-03,9322.2,9610.0,9225.0,9281.0,4995.34829891,46794200.542972,9367.5551218687
2020-02-04,2020-02-04,9280.8,9348.7,9078.8,9159.3,3809.73133955,35000345.342379,9187.0901706453
2020-02-05,2020-02-05,9159.3,9765.0,9150.2,9616.2,6914.05347554,65773304.220763,9512.9874903992
2020-02-06,2020-02-06,9612.8,9853.0,9520.0,9754.7,5888.03835585,57191594.352204,9713.1830493907
2020-02-07,2020-02-07,9754.7,9883.6,9715.0,9799.6,3687.00812773,36046431.641708,9776.6075888475
2020-02-08,2020-02-08,9799.6,9942.0,9658.0,9904.3,3479.91913592,34173477.328737,9820.1929395416
2020-02-09,2020-02-09,9901.6,10180.0,9887.4,10160.1,4824.28468491,48543930.571979,10062.410023982
2020-02-10,2020-02-10,10159.1,10200.0,9760.0,9850.1,5740.53752184,56913987.836702,9914.4004581751
2020-02-11,2020-02-11,9850.1,10409.2,9707.0,10273.2,7498.78791986,75499722.954184,10068.256865117
2020-02-12,2020-02-12,10271.6,10486.9,10218.0,10354.6,6776.93755974,70119085.021935,10346.72142156
2020-02-13,2020-02-13,10352.6,10516.6,10060.3,10241.6,7307.31061568,75158804.63933,10285.426279547
2020-02-14,2020-02-14,10241.6,10390.0,10097.4,10370.8,3567.75073529,36601958.590003,10259.113179617
2020-02-15,2020-02-15,10369.5,10400.0,9766.9,9904.6,3626.9633399,36450685.814142,10049.918457446
2020-02-16,2020-02-16,9904.5,10046.8,9632.0,9923.9,3239.16987186,31945543.532913,9862.2624921395
2020-02-17,2020-02-17,9921.1,9961.5,9476.4,9702.1,4759.25765662,46014642.219651,9668.4494809072
2020-02-18,2020-02-18,9702.2,10281.0,9615.0,10180.0,4946.63002769,49288362.004336,9964.0283846644
2020-02-19,2020-02-19,10180.3,10300.0,9346.0,9602.2,6771.75337086,67213396.3301589,9925.552903239131
2020-02-20,2020-02-20,9602.0,9704.9,9350.0,9610.7,4154.07286871,39756620.51526575,9570.515918179271
2020-02-21,2020-02-21,9608.5,9771.4,9562.8,9698.2,2778.86679125,26929920.110148203,9690.971944011217
2020-02-22,2020-02-22,9696.8,9717.6,9575.0,9671.5,1028.00120476,9934856.32215331,9664.245796747597
2020-02-23,2020-02-23,9670.0,10022.0,9666.0,9966.1,2462.42622628,24370459.424891304,9896.929769834294
2020-02-24,2020-02-24,9967.5,10022.8,9485.0,9664.6,4234.87059293,41146835.14844432,9716.196574492218
2020-02-25,2020-02-25,9661.8,9677.4,9244.0,9309.5,4373.89747117,41280324.65392771,9437.881186292492
2020-02-26,2020-02-26,9307.7,9365.6,8645.0,8783.5,8419.18472364,75547017.91921504,8973.198759624403
2020-02-27,2020-02-27,8783.3,8968.0,8516.3,8810.3,4871.47143515,42755139.65533505,8776.637659586017
2020-02-28,2020-02-28,8814.5,8895.0,8439.3,8715.5,5456.72459924,47178549.65683013,8645.946629485587
2020-02-29,2020-02-29,8706.8,8795.0,8526.6,8529.1,2241.96592406,19428559.21008357,8665.858388650335
2020-03-01,2020-03-01,8526.1,8750.0,8405.0,8530.0,3134.04788956,26813911.918633655,8555.680341693243
2020-03-02,2020-03-02,8518.8,8965.0,8486.9,8924.7,4758.56506701,41793044.75809863,8782.699021568484
2020-03-03,2020-03-03,8918.4,8924.1,8662.5,8752.8,3892.82816455,34156403.35630963,8774.187277865116
2020-03-04,2020-03-04,8756.6,8844.0,8670.4,8758.7,3140.2803402,27493049.557485703,8754.966620507112
2020-03-05,2020-03-05,8758.4,9170.0,8758.4,9066.0,4762.43290995,42968597.0248432,9022.40469048294
2020-03-06,2020-03-06,9065.8,9175.0,9001.9,9154.9,3664.43951004,33339302.674888197,9098.063314606112
2020-03-07,2020-03-07,9154.8,9213.0,8856.0,8899.5,2985.57244616,26960060.588361677,9030.114349774802
2020-03-08,2020-03-08,8891.1,8891.1,8003.1,8035.6,7188.98135068,60509605.929792084,8416.99303115713
2020-03-09,2020-03-09,8039.8,8185.0,7634.3,7927.8,9972.59475142,78395372.99459162,7861.080786766033
2020-03-10,2020-03-10,7929.1,8153.5,7735.0,7886.9,7321.23320851,58113867.43329647,7937.715652295646
2020-03-11,2020-03-11,7889.6,7986.1,7589.0,7943.3,6679.27569715,52212471.047441415,7817.085776189793
2020-03-12,2020-03-12,7961.3,7967.3,4672.3,4850.0,39800.71505227,244755442.26813957,6149.523744653926
2020-03-13,2020-03-13,4850.0,5999.0,3913.1,5630.2,45110.87342509,232093020.34311104,5144.946278384959
2020-03-14,2020-03-14,5630.2,5664.9,5057.0,5162.2,11373.58938992,61307407.37800345,5390.330640240807
2020-03-15,2020-03-15,5163.1,6002.2,5092.6,5340.1,14972.44241729,80981988.49279714,5408.736012187316
2020-03-16,2020-03-16,5339.7,5345.8,4331.7,5042.3,25217.66913966,123493822.7505492,4897.114878723206
2020-03-17,2020-03-17,5044.0,5565.1,4942.0,5331.7,17512.03843833,93106474.29439425,5316.712535909269
2020-03-18,2020-03-18,5334.3,5450.0,5015.9,5415.2,17389.77099803,91770177.61811556,5277.250495622505
2020-03-19,2020-03-19,5419.3,6433.6,5270.1,6184.5,21672.56794101,127581786.96336687,5886.786803973919
2020-03-20,2020-03-20,6185.3,7020.0,5680.0,6206.8,22752.76020803,144730778.2209033,6361.020680463395
2020-03-21,2020-03-21,6207.0,6469.9,5850.0,6196.3,11088.60927023,68563905.12046953,6183.273614351772
2020-03-22,2020-03-22,6196.3,6419.9,5748.7,5825.5,11834.23997828,71581544.94690603,6048.681206252671
2020-03-23,2020-03-23,5820.6,6615.0,5688.1,6505.1,16490.58491787,102307813.34230325,6204.013614546677
2020-03-24,2020-03-24,6498.4,6875.0,6404.0,6769.0,15187.88737389,100979328.99847491,6648.675125947484
2020-03-25,2020-03-25,6766.8,6985.0,6462.5,6689.9,12154.11551176,81109161.78918982,6673.390730136707
2020-03-26,2020-03-26,6690.0,6796.2,6524.8,6767.0,7007.12459154,46727993.52023275,6668.640311697809
2020-03-27,2020-03-27,6764.2,6869.0,6280.0,6376.4,9964.06390661,66463007.203815274,6670.271068787994
2020-03-28,2020-03-28,6376.3,6376.4,6039.0,6251.8,9047.77713744,56273703.39091835,6219.616435738249
2020-03-29,2020-03-29,6252.6,6281.1,5866.3,5875.0,6451.48074249,39029527.62690462,6049.700709769273
2020-03-30,2020-03-30,5875.0,6640.0,5851.0,6403.2,11024.05146764,69523622.74848491,6306.5401093749
2020-03-31,2020-03-31,6403.8,6525.0,6336.0,6422.1,6173.38589792,39796688.51714794,6446.49292547169
2020-04-01,2020-04-01,6422.2,6710.0,6157.4,6662.9,11298.75259834,72020453.86206323,6374.195136606882
2020-04-02,2020-04-02,6662.9,7269.0,6576.4,6803.8,18344.45513512,125401600.37656446,6835.94031291158
2020-04-03,2020-04-03,6800.5,7053.3,6610.0,6738.6,11139.79871481,75979285.18939221,6820.525858189908
2020-04-04,2020-04-04,6738.6,7002.0,6654.5,6873.2,6160.36258014,41956985.96065265,6810.798133199994
2020-04-05,2020-04-05,6873.0,6910.1,6681.8,6779.4,3842.23364298,26082562.65182896,6788.385370442894
2020-04-06,2020-04-06,6778.7,7370.0,6774.2,7343.5,12052.07455138,85860107.40590756,7124.093618892865
2020-04-07,2020-04-07,7342.3,7474.9,7080.0,7206.2,10959.24109233,80067512.75717418,7305.935883937322
2020-04-08,2020-04-08,7204.7,7425.7,7157.0,7368.0,7513.67368316,54879034.885733075,7303.888510454025
2020-04-09,2020-04-09,7366.3,7378.1,7091.9,7294.1,7172.46709718,52268329.31462865,7287.357140359546
2020-04-10,2020-04-10,7294.1,7304.5,6750.0,6873.8,10944.24981389,76289468.93014508,6970.735338416878
2020-04-11,2020-04-11,6873.7,6960.0,6771.4,6889.6,4297.11045169,29532184.35489633,6872.568133146694
2020-04-12,2020-04-12,6886.8,7216.5,6795.0,6903.7,7413.51868624,52050881.30527908,7021.076429184571
2020-04-13,2020-04-13,6903.7,6903.9,6560.0,6861.6,10209.63615758,69011043.35295479,6759.402811991372
2020-04-14,2020-04-14,6862.1,6985.0,6772.7,6874.5,5897.65064809,40610964.448642895,6885.956268331213
2020-04-15,2020-04-15,6874.6,6938.8,6601.0,6619.8,6376.29262691,43040643.92725397,6750.104872164821
2020-04-16,2020-04-16,6618.1,7212.2,6478.6,7114.9,14381.39167045,99621930.50354822,6927.141182605115
2020-04-17,2020-04-17,7112.4,7157.8,6989.7,7034.1,5728.81106563,40532432.85202336,7075.191062801447
2020-04-18,2020-04-18,7034.5,7300.0,7025.4,7263.1,4580.33978897,32874560.124699872,7177.319072236863
